;openalex_id;journal_id;journal_name;publication_year;has_osf;has_git;doi;country;author;title;keywords;method_quali;open_answers;interview;observation;documents;method_quanti;one_m;multiple_m;quasiexperiment;experiment;intervention;primary_data;secondary_data;review;method_other;open_data;open_code;open_material;open_analysis;prerig;notes2;study_type;
1;W4285042320;S2764918247;Cogent Education;2022;TRUE;FALSE;https://doi.org/10.1080/2331186x.2022.2084956;Vietnam;"Thi Phuong, T. T.; Danh, N. N.; Thi Le, T. T.; Phuong, T. N.; Thi Thanh, T. N.; Minh, C. L.";Research on the application of ICT in Mathematics education: Bibliometric analysis of scientific bibliography from the Scopus database;"ICT; mathematics education; bibliometric analysis; Scopus";0;0;0;0;0;1;0;1;0;0;0;0;1;1;bibliometric;1;0;1;0;0;fragebogen;quantitative;
3;W4225611662;S2738252563;AERA Open;2022;TRUE;FALSE;https://doi.org/10.1177/23328584211065725;USA;"Moeller, J.; von Keyserlingk, L.; Spengler, M.; Gaspard, H.; Lee, H. R.; Yamaguchi-Pedroza, K.; Yu, R.; Fischer, C.; Arum, R.";Risk and Protective Factors of College Students Psychological Well-Being During the COVID-19 Pandemic: Emotional Stability, Mental Health, and Household Resources;COVID-19 pandemic, college students, psychological well-being, emotions, experience sampling method, personality, intraindividual trajectories;0;0;0;0;0;1;0;1;1;0;0;0;1;0;NA;0;0;0;1;0;mplus_outputs;quantitative;
4;W4206828491;S2738252563;AERA Open;2021;FALSE;TRUE;https://doi.org/10.1177/23328584211063898;USA;"Aguilar, S. J.; Rosenberg, J. M.; Greenhalgh, S. P.; Ftterer, T.; Lishinski, A.; Fischer, C.";A Different Experience in a Different Moment? Teachers Social Media Use Before and During the COVID-19 Pandemic;"online spaces; teacher learning; professional learning networks; COVID-19; social media; stress";0;0;0;0;0;1;0;1;1;0;0;1;0;0;NA;0;1;0;0;NA;NA;quantitative;
5;W2902600776;S2738252563;AERA Open;2021;TRUE;FALSE;https://doi.org/10.1177/2332858421989707;USA;"Swanson, E.; Kopotic, K.; Zamarro, G.; Mills, J. N.; Greene, J. P.; Ritter, G. W.";An Evaluation of the Educational Impact of College Campus Visits: A Randomized Experiment;"college access; experimental research; postsecondary education; program evaluation; rural education; socioemotional skills; survey research";0;0;0;0;0;1;0;1;0;1;1;1;1;0;NA;0;0;0;0;1;NA;quantitative;
6;W3167913005;S2738252563;AERA Open;2021;FALSE;TRUE;https://doi.org/10.1177/23328584211024261;USA;"Rosenberg, J. M.; Borchers, C.; Dyer, E. B.; Anderson, D.; Fischer, C.";Understanding Public Sentiment About Educational Reforms: The Next Generation Science Standards on Twitter;public sentiment, Next Generation Science Standards, sentiment analysis, educational data science;0;0;0;0;0;1;0;1;0;0;0;0;1;0;NA;0;1;1;0;NA;NA;quantitative;
7;W4237051483;S2738252563;AERA Open;2021;TRUE;FALSE;https://doi.org/10.1177/23328584211049223;USA;"Binning, K. R.; Blatt, L. R.; Chen, S.; Votruba-Drzal, E.";Going to College With a Posse: How Having High School Peers on Campus Supports College Achievement;"admissions; equity; first-generation college students; hierarchical linear modeling; higher education; peer interaction/friendship; privilege; psychology; regression analyses; retention; social belonging; social capital; socioeconomic status";0;0;0;0;0;1;0;1;0;0;0;0;1;0;NA;0;0;0;1;NA;supplement_results;quantitative;
8;W3197246596;S2738252563;AERA Open;2021;TRUE;FALSE;https://doi.org/10.1177/23328584211040083;USA;"Courey, K. A.; Lee, M. D.";A Model-Based Examination of Scale Effects in Student Evaluations of Teaching;"student evaluations of teaching; response scales; scale mapping";0;0;0;0;0;1;1;0;0;1;1;1;1;0;NA;1;1;1;0;NA;fragebogen;quantitative;
9;W3043092346;S2738252563;AERA Open;2020;FALSE;TRUE;https://doi.org/10.1177/2332858420940312;USA;"Li, L.; Demszky, D.; Bromley, P.; Jurafsky, D.";Content Analysis of Textbooks via Natural Language Processing: Findings on Gender, Race, and Ethnicity in Texas U.S. History Textbooks;"artificial intelligence; case studies; content analysis; curriculum; data science; gender studies; history; natural language processing; race; textbooks; textual analysis";0;0;0;0;0;1;1;0;0;0;0;0;1;0;NA;0;1;1;0;NA;kodiermaterial;quantitative;
10;W2964514965;S2738252563;AERA Open;2019;TRUE;FALSE;https://doi.org/10.1177/2332858419867692;USA;Kirksey, J. J.;Academic Harms of Missing High School and the Accuracy of Current Policy Thresholds: Analysis of Preregistered Administrative Data From a California School District;"absenteeism; high school; preregistration; secondary data";0;0;0;0;0;1;0;1;0;0;0;0;1;0;NA;NA;NA;NA;NA;1;NA;quantitative;
11;W2945690307;S2738252563;AERA Open;2019;TRUE;FALSE;https://doi.org/10.1177/2332858419848446;USA;"Peters, S. J.; Rambo-Hernandez, K.; Makel, M. C.; Matthews, M. S.; Plucker, J. A.";Effect of Local Norms on Racial and Ethnic Representation in Gifted Education;"assessment; descriptive analysis; diversity; equity; gifted education; hierarchical linear modeling; policy analysis";0;0;0;0;0;1;0;1;0;0;0;0;1;0;NA;NA;NA;NA;NA;1;NA;quantitative;
12;W2923218589;S2738252563;AERA Open;2019;TRUE;FALSE;https://doi.org/10.1177/2332858419839707;USA;"Robinson, C. D.; Scott, W.; Gottfried, M. A.";Taking It to the Next Level: A Field Experiment to Improve Instructor-Student Relationships in College;"college; persistence; instructor-student relationships; similarity; intervention";0;0;0;0;0;1;0;1;0;1;1;1;1;0;NA;NA;NA;NA;NA;1;NA;quantitative;
14;W4388791059;S2764918247;Cogent Education;2023;TRUE;FALSE;https://doi.org/10.1080/2331186x.2023.2281850;USA;"Chen, S.; Cerruti, M.; Ghandi, M.; Tsao, L.-L.; Sermeno, R.";Determine the impact of Emotive Intelligent Spaces on childrens behavioural and cognitive outcomes;"early childhood; colour; intervention; working memory; self-regulation";0;0;0;0;0;1;0;1;0;1;1;1;0;0;NA;NA;NA;NA;NA;NA;NA;quantitative;
15;W7122585168;S2596526815;Frontiers in Education;2026;TRUE;FALSE;https://doi.org/10.3389/feduc.2025.1657651;USA;"Dong, Y.; Baral, D.; Baral, K.";Are U.S. graduate curricula ready to prepare social data scientists for the AI era?;"artificial intelligence; coursework; curriculum gap; data science; Rasch modeling; text analysis; web-scraping";0;0;0;0;0;1;1;0;0;0;0;1;1;0;psychometric;1;1;0;0;NA;NA;quantitative;
17;W4415649328;S2596526815;Frontiers in Education;2025;FALSE;TRUE;https://doi.org/10.3389/feduc.2025.1632132;USA;"Liu, C.; Xie, R.; Chen, Z.";Towards actionable recommendations for exam preparation using isomorphic problem banks and Explainable Machine Learning;"Explainable Machine Learning; SHAP value; predictive analysis; assessment outcome; actionable recommendation";0;0;0;0;0;1;0;1;0;0;1;1;0;0;NA;1;1;0;0;NA;NA;quantitative;
18;W4413180406;S2596526815;Frontiers in Education;2025;TRUE;FALSE;https://doi.org/10.3389/feduc.2025.1597898;USA;"Roberts, R. A.; Gravelle, C. D.; Che, E. S.; Zapparrata, N.; Lodhi, A. K.; Brooks, P. J.";The limited role of expectancy-value beliefs, self-efficacy, and perceived attentional control in predicting online learning outcomes in a general education course;"academic motivation; self-efficacy; expectancy-value; higher education; introductory psychology; online courses";0;0;0;0;0;1;1;0;0;0;0;1;0;0;NA;1;1;1;0;NA;NA;quantitative;
19;W4409998149;S2596526815;Frontiers in Education;2025;TRUE;FALSE;https://doi.org/10.3389/feduc.2025.1582737;USA;"Rocha, K.; Lussier, C. M.; Atit, K.";Bolstering spatial learning in the primary classroom: identifying the factors underlying primary teachers spatial pedagogical practices;"teacher cognition; spatial skills; spatial anxiety; spatial habits of mind; primary education";0;0;0;0;0;1;1;0;0;0;0;1;0;0;NA;1;1;0;0;NA;NA;quantitative;
20;W4405365491;S2596526815;Frontiers in Education;2024;FALSE;TRUE;https://doi.org/10.3389/feduc.2024.1494431;USA;"Yeatman, J. D.; Tran, J. E.; Burkhardt, A. K.; Ma, W. A.; Mitchell, J. L.; Yablonski, M.; Gijbels, L.; Townley-Flores, C.; Richie-Halford, A.";Development and validation of a rapid and precise online sentence reading efficiency assessment;"dyslexia; reading fluency assessment; screening tools; reading fluency and comprehension; progress monitoring; psychometrics";0;0;0;0;0;1;0;1;0;0;0;1;0;0;NA;0;1;0;0;NA;NA;quantitative;
21;W4400962596;S2596526815;Frontiers in Education;2024;TRUE;FALSE;https://doi.org/10.3389/feduc.2024.1392022;USA;"Vonessen, J.; Zellou, G.";Perception of Mandarin tones across different phonological contexts by native and tone-naive listeners;"tonal coarticulation; perceptual compensation; Mandarin; lexical tones; L2 speech perception";0;0;0;0;0;1;1;0;0;1;1;1;0;0;NA;1;0;0;0;NA;NA;quantitative;
23;W4386727353;S2596526815;Frontiers in Education;2023;TRUE;FALSE;https://doi.org/10.3389/feduc.2023.1225169;USA;"Hout, M. C.; Montelongo, J.; White, B. L.; Hernandez, A.; Serrano-Wall, F.";Orthographic similarity ratings for English-Spanish cognates from the academic word list;"cognates; academic word list; orthographic similarity; reading; education; bilingualism";0;0;0;0;0;1;1;0;0;1;0;1;0;0;NA;1;0;0;0;NA;NA;quantitative;
24;W4353082122;S2596526815;Frontiers in Education;2023;FALSE;TRUE;https://doi.org/10.3389/feduc.2023.1059071;USA;"LeBoeuf, L.; Goldstein-Greenwood, J.; Lillard, A. S.";Rates of chronic absenteeism in Montessori and non-Montessori Title 1 schools;"racial disparities; chronic absenteeism; Montessori education; multilevel modeling; Title 1 schools";0;0;0;0;0;1;1;0;1;0;0;0;1;0;NA;1;1;0;0;NA;NA;quantitative;
25;W4319320567;S2596526815;Frontiers in Education;2023;FALSE;TRUE;https://doi.org/10.3389/feduc.2022.868052;USA;"Berliner, A. J.; Hecla, J.";Nuclear history, politics, and futures from (A)toms-to(Z)oom: Design and deployment of a remote-learning special-topics course for nuclear engineering education;"nuclear physics and engineering history; remote education; STEM pedagogy; nontechnical engineering education; history of science";0;0;0;0;0;1;1;0;0;0;1;1;0;0;NA;0;0;1;0;NA;course_material;quantitative;
26;W4315488232;S2596526815;Frontiers in Education;2023;TRUE;FALSE;https://doi.org/10.3389/feduc.2022.1033100;USA;"Edwards, O. V.; Dai, T.";Differential relations among expectancy, task value, engagement, and academic performance: The role of generation status;"first-generation college students; continuing-generation college students; situated expectancy-value theory; school motivation; school engagement";0;0;0;0;0;1;1;0;0;0;0;1;1;0;NA;1;0;0;0;NA;NA;quantitative;
27;W4283010488;S2596526815;Frontiers in Education;2022;FALSE;TRUE;https://doi.org/10.3389/feduc.2022.851625;USA;"Durant, J.; Wright, D. B.";Exploring the Associations Between MAP Growth and SBA by Demographics;"formative assessment; summative assessment; measures of academic progress; smarter balanced assessment consortium; growth";0;0;0;0;0;1;0;1;0;0;0;0;1;0;psychometric;0;1;0;0;NA;NA;quantitative;
28;W4223434992;S2596526815;Frontiers in Education;2022;FALSE;TRUE;https://doi.org/10.3389/feduc.2022.873196;USA;"Gannon, J. P.; McGuire, K. J.";An Interactive Web Application Helps Students Explore Water Balance Concepts;"water balance; water budget; web app; teaching; hydrology";0;0;0;0;0;1;1;0;0;0;1;1;0;0;didactic;1;1;1;0;NA;software;quantitative;
29;W4214524351;S2596526815;Frontiers in Education;2022;TRUE;FALSE;https://doi.org/10.3389/feduc.2022.817291;USA;"LaPaglia, J.; Miller, K.; Protexter, S.";Gender Bias Interacts With Instructor Disfluency to Negatively Affect Student Evaluations of Teaching;"instructor fluency; gender bias; student evaluations of teaching; learning; judgments of learning";0;0;0;0;0;1;1;0;0;1;1;1;0;0;NA;1;0;0;0;NA;NA;quantitative;
30;W3177207251;S2596526815;Frontiers in Education;2021;FALSE;TRUE;https://doi.org/10.3389/feduc.2021.662380;USA;"Athavale, P.; Mondal, S.; Rivera, S.";Factors Influencing Success in Advanced Engineering Mathematics Courses: A Case Study;"COVID-19; engineering mathematics; lecturing schedule; cellphone usage; screen time";0;0;0;0;0;1;1;0;0;0;0;1;0;0;NA;1;1;0;0;NA;NA;quantitative;
31;W3092489168;S2596526815;Frontiers in Education;2020;TRUE;FALSE;https://doi.org/10.3389/feduc.2020.572367;USA;"Kumar, V.; Boulanger, D.";Explainable Automated Essay Scoring: Deep Learning Really Has Pedagogical Value;"explainable artificial intelligence; SHAP; automated essay scoring; deep learning; trust; learning analytics; feedback; rubric";0;0;0;0;0;1;1;0;0;0;0;0;1;0;NA;1;1;0;0;NA;NA;quantitative;
32;W2959342157;S2596526815;Frontiers in Education;2019;TRUE;FALSE;https://doi.org/10.3389/feduc.2019.00078;USA;"McDonald, M. M.; Zeigler-Hill, V.; Vrabel, J. K.; Escobar, M.";A Single-Item Measure for Assessing STEM Identity;" STEM identity; STEM attitudes; STEM self-efficacy; agency; goals";0;0;0;0;0;1;0;1;0;0;0;1;0;0;psychometric;1;0;0;0;NA;NA;quantitative;
33;W4417158255;S2738008561;Education Sciences;2025;TRUE;FALSE;https://doi.org/10.3390/educsci15121660;USA;"Choo, S.; An, J.; Nelson, N.; Kosty, D.";Optimizing Assessment Thresholds of a Computer Gaming Intervention for Students with or at Risk for Mathematics Learning Disabilities: Accuracy and Response Time Trade-Offs;"drift diffusion model; speed-accuracy trade-offs; mathematics learning disabilities; assessment thresholds; technology-based gaming interventions";0;0;0;0;0;1;0;1;0;1;1;0;1;0;NA;0;1;0;0;NA;NA;quantitative;
35;W4409068335;S2738008561;Education Sciences;2025;FALSE;TRUE;https://doi.org/10.3390/educsci15040439;USA;"Elnady, Y.; Farghally, M.; Mohammed, M.; Shaffer, C. A.";Detecting Credit-Seeking Behavior with Programmed Instruction Framesets in a Formal Languages Course;"programmed instruction; student engagement; automated assessment; eTextbook; credit-seeking behavior; formal languages";0;0;0;0;0;1;0;1;0;0;1;1;0;0;NA;1;0;0;0;NA;NA;quantitative;
37;W4381662496;S2738008561;Education Sciences;2023;TRUE;FALSE;https://doi.org/10.3390/educsci13070630;USA;"Sawyer, B. E.; Wakeel, F.; Manz, P. H.; Link, O.";Childrens Stress in the Time of COVID-19: Relationships with School, Social and Recreational Experiences;"COVID-19; children; parents; school; stress; relationships; recreation";0;0;0;0;0;1;1;0;0;0;0;1;0;0;NA;1;0;0;0;NA;NA;quantitative;
38;W4293420073;S2738008561;Education Sciences;2022;TRUE;FALSE;https://doi.org/10.3390/educsci12090585;USA;"Zhu, L.; Shepley, C.; Grisham, J.; Lane, J. D.";A Brief Parent-Coaching Package for Tiered Language Interventions;"parent coaching; language intervention; dual language learners; naturalistic language strategies; multiple baseline design";0;0;0;0;0;1;0;1;0;1;1;1;0;0;NA;0;1;1;0;NA;study_material;quantitative;
39;W4415762252;S2738252563;AERA Open;2025;TRUE;FALSE;https://doi.org/10.1177/23328584251385469;USA;"Mokher, C. G.; Park-Gaghan, T. J.";How Academic Preparation Shapes College Students Own Success and the Success of their Peers in Corequisite Courses: Evidence from Texas;"colleges; educational reform; higher education; regression analyses; developmental education; corequisite reform; academic preparation; peer effects; high school course taking";0;0;0;0;0;1;0;0;0;0;0;0;1;0;NA;1;0;1;0;NA;study_material;quantitative;
41;W3153069046;S4210191100;Frontline Learning Research;2021;FALSE;TRUE;https://doi.org/10.14786/flr.v9i2.675;UK;"Balloo, K.; Winstone, N. E.";A primer on gathering and analysing multi-level quantitative evidence for differential student outcomes in higher education;"diversity; transitions; attainment gaps; continuation gaps; micro, meso and macro level";0;0;0;0;0;1;1;0;0;0;0;0;0;0;methodical;0;1;0;0;NA;software;quantitative;
42;W4416596593;S2764918247;Cogent Education;2025;FALSE;TRUE;https://doi.org/10.1080/2331186x.2025.2590901;UK;"Rahmanian, M.; Sami, A.; Yu, Y.";Challenges and feasibility of multimodal LLMs in ER diagram evaluation;"Entity-relationship diagrams; diagram evaluation; automated assessment; chain-of-thought; multimodal large language models";0;0;0;0;0;1;1;0;0;1;1;1;0;0;NA;1;0;1;0;NA;study_material;quantitative;
48;W4401910226;S2738008561;Education Sciences;2024;TRUE;FALSE;https://doi.org/10.3390/educsci14090939;UK;"Grozev, V. H.; Easterbrook, M. J.";Can Social Identities Improve Working Students Academic and Social Outcomes? Lessons from Three Studies;"social identity; working students; academic achievement; approaches to learning; academic self-efficacy";0;0;0;0;0;1;1;0;0;0;0;1;0;0;NA;1;0;0;0;NA;NA;quantitative;
49;W4388634757;S2738008561;Education Sciences;2023;FALSE;TRUE;https://doi.org/10.3390/educsci13111130;UK;"Zhang, C.; Ahn, H.";E-Learning at-Risk Group Prediction Considering the Semester and Realistic Factors;"at-risk prediction; dropout prediction; OULAD; voting classifier; SHAP";0;0;0;0;0;1;0;1;0;0;0;0;1;0;NA;1;1;0;0;NA;NA;quantitative;
50;W4408158809;S2596526815;Frontiers in Education;2025;TRUE;FALSE;https://doi.org/10.3389/feduc.2025.1463619;Switzerland;"Benz, R.; Ackermann, T.";Disadvantaged by chance? Examining the persistence of relative age effects on educational achievement;"relative age effect; school starting age; cumulative (dis)advantage; education; Switzerland; data linkage";0;0;0;0;0;1;0;1;1;0;0;0;1;0;NA;1;1;0;0;NA;NA;quantitative;
51;W4280562791;S4210201537;International Journal of Educational Technology in Higher Education;2022;TRUE;FALSE;https://doi.org/10.1186/s41239-022-00329-7;Switzerland;"Buchner, J.; Hofmann, M.";The more the better? Comparing two SQD-based learning designs in a teacher training on augmented and virtual reality;"WillSkillTool model; Teacher education; Teacher training; SQD model; Augmented reality; Virtual reality; Learning design; Learning events";0;0;0;0;0;1;1;0;1;0;1;1;0;0;NA;1;0;0;0;NA;NA;quantitative;
52;W4417277946;S2738008561;Education Sciences;2025;TRUE;FALSE;https://doi.org/10.3390/educsci15121678;Sweden;"Lindstrm-Sandahl, H.; Danielsson, H.; Elwr, .; Samuelsson, J.; Samuelsson, S.";One-Year Follow-Up of Two Intensive Supplemental Reading and Mathematics Programs in Swedish Elementary School;"follow-up; longitudinal; phonics; mathematics; randomized controlled studies; intervention; special education";0;0;0;0;0;1;0;1;0;1;1;1;0;0;NA;1;0;0;0;NA;NA;quantitative;
53;W4411131429;S2596526815;Frontiers in Education;2025;TRUE;FALSE;https://doi.org/10.3389/feduc.2025.1570973;Spain;"Rodrguez-Fragoso, J.; Moya-Faz, F. J.; Horyza, A.; Ruiz-Ruano Garca, A. M.; Garcs de los Fayos-Ruiz, E. J.; Lpez-Lpez, R.; Lpez Puga, J.; Vidal-Alves, M. J.";Occupational health in the educational context: a descriptive and correlational study;"school; teacher; psychological distress; disorder; work";0;0;0;0;0;1;1;0;0;0;0;1;0;0;NA;1;1;1;0;NA;NA;quantitative;
54;W4360619301;S2596526815;Frontiers in Education;2023;TRUE;FALSE;https://doi.org/10.3389/feduc.2023.1141620;Spain;"Quintana-Ordorika, A.; Camino-Esturo, E.; Portillo-Berasaluce, J.; Garay-Ruiz, U.";Integrating COIL in teacher training: An estimation of learners motivational attitudes;"learners motivation; teacher training education; international education; ARCS; IMMS";0;0;0;0;0;1;1;0;1;0;1;1;0;0;NA;NA;NA;NA;NA;1;not_open;quantitative;
55;W4415956526;S2738008561;Education Sciences;2025;TRUE;FALSE;https://doi.org/10.3390/educsci15111500;Spain;"Pablo-Lerchundi, I.; Sastre-Merino, S.; Riquelme-Dominguez, J. M.; Mahtani, K.; Mendona, H.";Gamifying Renewable Energy: Enhancing Pre-University Students Knowledge and Attitudes Toward Science and Technology;"escape room; science and technology (S&T); science, technology, engineering, and mathematics (STEM); sustainability education";0;0;0;0;0;1;0;1;0;0;1;1;0;0;NA;1;0;1;0;NA;fragebogen;quantitative;
56;W4386837702;S2738008561;Education Sciences;2023;TRUE;FALSE;https://doi.org/10.3390/educsci13090943;Southeast Asia;"Tsukawaki, R.; Maki, T.; Omori, M.";Multidimensional Psychometrics of Teacher Educators Professional Identity: An Initial Validation with Teacher Educators in Southeast Asia;"professional identity; teacher educators; psychometrics; Southeast Asia; confirmatory factor analysis";0;0;0;0;0;1;1;0;0;0;0;1;0;0;NA;1;0;0;0;NA;NA;quantitative;
57;W4210578668;S2764918247;Cogent Education;2022;TRUE;FALSE;https://doi.org/10.1080/2331186x.2022.2034390;South Africa;"Slabbert, C.; de Lange, R. W.; Mason, H.";Anthropomorphisms in multimedia learning: Do they facilitate learning in primary school learners?;"emotional design; multimedia learning; anthropomorphisms; learning facilitation";0;0;0;0;0;1;0;1;1;0;1;1;0;0;NA;0;0;1;0;NA;fragebogen;quantitative;
59;W3211926692;S2738008561;Education Sciences;2021;FALSE;TRUE;https://doi.org/10.3390/educsci11110719;Russia;"Sychev, O.; Penskoy, N.; Anikin, A.; Denisov, M.; Prokudin, A.";Improving Comprehension: Intelligent Tutoring System Explaining the Domain Rules When Students Break Them;"Blooms taxonomy; adaptive learning; cognitive learning; constraint-based tutors; intelligent tutoring system";0;0;0;0;0;1;0;1;1;0;1;1;0;0;NA;0;1;0;0;NA;software;quantitative;
62;W4407555354;S2596526815;Frontiers in Education;2025;TRUE;FALSE;https://doi.org/10.3389/feduc.2025.1445548;Portugal;"Morais, E.; Santos, A. C.; Mouraz, A.";Validation and proposal of a short version of the Motivated Strategies for Learning Questionnaire (MSLQ) for Portuguese adolescent students;"questionnaire; validation; psychometrics; self-regulated learning; adolescents";0;0;0;0;0;1;1;0;0;0;0;1;0;0;NA;1;1;1;0;NA;NA;quantitative;
63;W4403764405;S2738008561;Education Sciences;2024;TRUE;FALSE;https://doi.org/10.3390/educsci14111155;Portugal;"Magalhes, S.; Carvalheiras, C.; Ribeiro, C.; Francisco, C.; Mourisco, C.; Leal, T.; Limpo, T.";Effectiveness and Long-Term Effects of SER + FELIZ (mente): A School-Based Mindfulness Program for Portuguese Elementary Students;"school-based mindfulness programs; attentional control; emotional regulation; wellbeing; elementary students";0;0;0;0;0;1;0;1;1;0;1;1;0;0;NA;1;0;0;0;NA;NA;quantitative;
64;W4387048380;S2738008561;Education Sciences;2023;FALSE;TRUE;https://doi.org/10.3390/educsci13100984;Poland;"Swacha, J.; Szyd?owska, J.";Does Gamification Make a Difference in Programming Education? Evaluating FGPE-Supported Learning Outcomes;"gamification in education; interactive learning environment; programming learning environment; gamified learning outcomes; learning outcomes assessment";0;0;0;0;0;1;0;0;1;0;1;0;0;0;NA;0;0;1;0;NA;course_material;quantitative;
65;W4402234709;S2764918247;Cogent Education;2024;TRUE;FALSE;https://doi.org/10.1080/2331186x.2024.2398851;Peru;"Torres-Munares, M. S.; Hurtado-Flores, A. C.; Carrera-Salas, E. A.";Gamification applied with the SOAR study method for time management of university students;"Time management; study method; gamification; university students; mobile apps; academic activities";0;0;0;0;0;1;0;1;1;0;1;1;0;0;NA;1;0;0;0;NA;NA;quantitative;
66;W7139971935;S2764918247;Cogent Education;2026;FALSE;TRUE;https://doi.org/10.1080/2331186x.2026.2644704;Norway;"Johansen, M. O.; Jeno, L. M.; Cotner, S. H.";The role of competence and autonomy support in instructor motivation: a path model in Norwegian higher education;"Higher education; instructors; autonomy support; competence; intrinsic motivation";0;0;0;0;0;1;1;0;0;0;0;1;0;0;NA;0;1;0;0;NA;NA;quantitative;
69;W2921821709;S4210191100;Frontline Learning Research;2018;TRUE;FALSE;https://doi.org/10.14786/flr.v6i3.372;Netherlands;"Donker, M. H.; van Gog, T.; Mainhard, M. T.";A Quantitative Exploration of Two Teachers with Contrasting Emotions: Intra-Individual Process Analyses of Physiology and Interpersonal Behavior;"Teacher emotions; process analyses; physiology; heart rate; interpersonal teacher behavior";0;0;0;0;0;1;0;1;0;0;0;1;0;0;NA;1;1;0;0;NA;NA;quantitative;
71;W4403576529;S2764918247;Cogent Education;2024;TRUE;FALSE;https://doi.org/10.1080/2331186x.2024.2408834;Netherlands;"Cramer, J.; Yazilitas, D.; Bruynzeel, A.; Romp, S.; Smeets, I.; De Bruyckere, P.";The effect of tutoring primary school pupils by university students on STEM interest: a pre-registered randomised controlled trial;"STEM; tutoring; diversity; socioeconomic status; primary education";0;0;0;0;0;1;0;1;0;1;1;1;0;0;NA;0;0;0;0;1;no_files;quantitative;
72;W4414366094;S2596526815;Frontiers in Education;2025;TRUE;FALSE;https://doi.org/10.3389/feduc.2025.1658415;Netherlands;"Jongkind, R.; Bikker, Y.; Meinema, J.; Broens, T.";Studying with GenAI: cross-sectional study on usage patterns, needs, competencies, and ethical perspectives of medical informatics students;"generative AI; GenAI literacy; GenAI usage patterns; higher education; ethical attitudes; GenAI competences and skills; DigComp 2.2; GenAI skill development";0;0;0;0;0;1;0;1;0;0;0;1;0;0;NA;1;0;0;0;NA;NA;quantitative;
73;W3188444373;S2596526815;Frontiers in Education;2021;TRUE;FALSE;https://doi.org/10.3389/feduc.2021.712987;Netherlands;"van der Velde, M.; Sense, F.; Spijkers, R.; Meeter, M.; van Rijn, H.";Lockdown Learning: Changes in Online Foreign-Language Study Activity and Performance of Dutch Secondary School Students During the COVID-19 Pandemic;"distance learning; learning analytics; COVID-19; Technology-enhanced learning; secondary education";0;0;0;0;0;1;0;1;0;0;0;1;1;0;NA;0;0;1;0;NA;supplement_results;quantitative;
74;W3176599558;S2596526815;Frontiers in Education;2021;TRUE;FALSE;https://doi.org/10.3389/feduc.2021.629053;Netherlands;"van Hoogmoed, A. H.; Huijsmans, M. D. E.; Kroesbergen, E. H.";Non-Symbolic Numerosity and Symbolic Numbers are not Processed Intuitively in Children: Evidence From an Event-Related Potential Study;"ANS mapping account; ANS theory; Children; Non-symbolic numerosity; Symbolic number processing; ERP";0;0;0;0;0;1;0;1;0;1;0;1;0;0;NA;1;1;1;0;NA;study_material;quantitative;
75;W2901753813;S2596526815;Frontiers in Education;2018;TRUE;FALSE;https://doi.org/10.3389/feduc.2018.00100;Netherlands;"van Peppen, L. M.; Verkoeijen, P. P. J. L.; Heijltjes, A. E. G.; Janssen, E. M.; Koopmans, D.; van Gog, T.";Effects of Self-Explaining on Learning and Transfer of Critical Thinking Skills;" critical thinking; reasoning; heuristics and biases; instructional design; desirable difficulties; self-explaining";0;0;0;0;0;1;0;1;0;1;1;1;0;0;NA;1;0;1;1;NA;"study_material; scoring";quantitative;
76;W4366772406;S2738008561;Education Sciences;2023;TRUE;FALSE;https://doi.org/10.3390/educsci13040424;Netherlands;Endendijk, J. J.;A Person-Centered Approach toward Balanced Gender Identity in Emerging Adults: Associations with Self-Esteem and Attitudes about Education;"balanced identity theory; gender-science stereotypes; gender identity; self-concept; occupational interest";0;0;0;0;0;1;1;0;0;0;0;1;0;0;NA;1;0;0;0;NA;NA;quantitative;
77;W4313472085;S2738008561;Education Sciences;2023;TRUE;FALSE;https://doi.org/10.3390/educsci13010049;Netherlands;"Weijers, R.; de Koning, B.; Vermetten, Y.; Paas, F.";Nudging Autonomous Learning Behavior: Three Field Experiments;"nudging; autonomous learning behavior; classroom intervention; educational psychology";0;0;0;0;0;1;0;0;0;1;1;1;0;0;NA;1;1;1;0;NA;NA;quantitative;
81;W4411106697;S2596526815;Frontiers in Education;2025;TRUE;FALSE;https://doi.org/10.3389/feduc.2025.1595648;NA;"Konstantinidou, E.; Michaelides, M. P.";Assessment mode and inconsistent responding on a mixed-worded scale: evidence from TIMSS 2019 across grades and countries;"assessment mode; inconsistent responding; mixed-worded scale; TIMSS; cross-cultural comparison";0;0;0;0;0;1;1;0;0;1;1;0;1;0;NA;1;1;0;0;NA;NA;quantitative;
83;W4409074390;S2596526815;Frontiers in Education;2025;FALSE;TRUE;https://doi.org/10.3389/feduc.2025.1418184;NA;"Valverde-Rebaza, J.; Rodrigues de Ges, F.; Noguez, J.; Da Silva, N. C.";Skill-based employment taxonomy in the global IT industry 5.0;"IT employment taxonomy; Industry 5.0 skills; job classification; information technology market; STEM skills; educational innovation; higher education; professional education";0;0;0;0;0;1;1;0;0;0;0;1;1;0;NA;1;0;0;0;NA;NA;quantitative;
84;W4408041072;S2596526815;Frontiers in Education;2025;FALSE;TRUE;https://doi.org/10.3389/feduc.2025.1522694;NA;"Mota, F. B.; Cabral, B. P.; Braga, L. A. M.; Lopes, R. M.";Mapping the global research on project-based learning: a bibliometric and network analysis (20142024);"project-based learning; scientific publications; PRISMA; bibliometrics; network analysis";0;0;0;0;0;1;0;0;0;0;0;0;1;1;NA;0;0;0;1;NA;NA;quantitative;
85;W4407253394;S2596526815;Frontiers in Education;2025;TRUE;FALSE;https://doi.org/10.3389/feduc.2025.1432982;NA;"Tene, T.; Vique Lpez, D. F.; Valverde Aguirre, P. E.; Cabezas Oviedo, M.; Vacacela Gomez, C.; Bellucci, S.";A systematic review of serious games as tools for STEM education;"serious games; STEM education; game-based learning; learning outcomes; engagement; performance";0;0;0;0;0;1;0;0;0;0;0;0;1;1;NA;1;0;0;0;NA;NA;quantitative;
86;W4402636295;S2596526815;Frontiers in Education;2024;TRUE;FALSE;https://doi.org/10.3389/feduc.2024.1435758;NA;"Fukaya, T.; Nakamura, D.; Kitayama, Y.; Nakagoshi, T.";A systematic review and meta-analysis of intervention studies on mathematics and science pedagogical content knowledge;"pedagogical content knowledge; intervention; meta-analysis; systematic review; meta-regression analysis";0;0;0;0;0;1;0;0;0;0;0;0;1;1;NA;1;1;0;0;1;NA;quantitative;
87;W4399871994;S2596526815;Frontiers in Education;2024;TRUE;FALSE;https://doi.org/10.3389/feduc.2024.1410163;NA;"Tene, T.; Marcatoma Tixi, J. A.; Palacios Robalino, M. L.; Mendoza Salazar, M. J.; Vacacela Gomez, C.; Bellucci, S.";Integrating immersive technologies with STEM education: a systematic review;"immersive technologies; virtual reality; augmented reality; STEM education; PICOS approach; PRISMA guidelines; teaching and learning";0;0;0;0;0;1;0;0;0;0;0;0;1;1;NA;1;0;0;1;NA;NA;quantitative;
89;W3217578254;S2596526815;Frontiers in Education;2021;TRUE;FALSE;https://doi.org/10.3389/feduc.2021.731634;NA;"Eriksson, K.; Lindvall, J.; Helenius, O.; Ryve, A.";Socioeconomic Status as a Multidimensional Predictor of Student Achievement in 77 Societies;"student achievement; achievement gap; socioeconomic status; human development; composite measure";0;0;0;0;0;1;1;0;0;0;0;0;1;0;NA;1;0;0;0;NA;NA;quantitative;
92;W3047139001;S2596526815;Frontiers in Education;2020;FALSE;TRUE;https://doi.org/10.3389/feduc.2020.562670;NA;"Mehler, A.; Hemati, W.; Welke, P.; Konca, M.; Uslu, T.";Multiple Texts as a Limiting Factor in Online Learning: Quantifying (Dis-)similarities of Knowledge Networks;"multiple texts; information landscape; knowledge graphs; intratextual similarity; intertextual similarity; three-level topic model; network similarity measurement; linguistic relativity";0;0;0;0;0;1;1;0;0;0;0;1;1;0;NA;1;1;0;0;NA;NA;quantitative;
102;W4321375736;S2596526815;Frontiers in Education;2023;FALSE;TRUE;https://doi.org/10.3389/feduc.2023.1029234;Mexico;"Ponce-Lopez, R.; Peraza-Mues, G.; Gmez-Zaldvar, F.; Membrillo-Hernndez, J.; Acua-Lpez, A.; Caratozzolo, P.";Knowledge based urban development: An approach to innovation districts based on education;"innovation districts; STEM education; educational innovation; socially oriented education; higher education";0;0;0;0;0;1;0;1;0;0;0;0;1;0;NA;1;0;0;0;NA;NA;quantitative;
103;W4391229585;S2738008561;Education Sciences;2024;TRUE;FALSE;https://doi.org/10.3390/educsci14020122;Malta;"Attard, C.; Kerr-Cumbo, R.; Muscat-Inglott, M.; Darmanin, M.; Schembri, H.";A Study of the Effects of a Structured Daily Physical Activity Intervention in Schools in Malta;"pedometer; daily physical activity; children; Malta; state schools";0;0;0;0;0;1;0;1;1;0;1;1;0;0;NA;1;0;0;0;NA;NA;quantitative;
105;W4410753811;S2738008561;Education Sciences;2025;FALSE;TRUE;https://doi.org/10.3390/educsci15060654;Italy;"Nadalini, A.; Marzi, C.; Ferro, M.; Cinini, A.; Cutugno, P.; Chiarella, D.";Inferential Reading Skills in High School: A Study on Comprehension Profiles;"reading strategies; comprehension profiles; inferential processing; finger-tracking; cognitive reading processes";0;0;0;0;0;1;1;0;0;0;0;1;0;0;NA;1;1;0;0;NA;NA;quantitative;
107;W7154132050;S2764918247;Cogent Education;2026;TRUE;FALSE;https://doi.org/10.1080/2331186x.2026.2655011;Iran;"Sajadi, S. A.; Maroufi, Y.; Abdulrahman, B. S.";Exploring social distance of Iranian students from international students: a preliminary survey study;"Social interaction; Bogardus Social Distance Scale (BSDS); academic major; higher education; international students; social closeness";0;0;0;0;0;1;1;0;0;0;0;1;0;0;NA;1;0;1;0;NA;fragebogen;quantitative;
108;W3205081603;S2596526815;Frontiers in Education;2021;TRUE;FALSE;https://doi.org/10.3389/feduc.2021.744686;India;Mak, M. H. C.;Childrens Motivation to Learn at Home During the COVID-19 Pandemic: Insights From Indian Parents;"motivation; COVID-19; learning; survey; India; parent; children";0;0;0;0;0;1;1;0;0;0;0;1;0;0;NA;1;1;0;0;NA;NA;quantitative;
109;W4379056796;S2596526815;Frontiers in Education;2023;TRUE;FALSE;https://doi.org/10.3389/feduc.2023.1160430;Hongkong;"Cheung, Y. Y. H.; Lam, K. F.; Zhang, H.; Kwan, C. W.; Wat, K. P.; Zhang, Z.; Zhu, K.; Chung, Y. K.; Yin, G.";A randomized controlled experiment for comparing face-to-face and online teaching during COVID-19 pandemic;"e-learning; face-to-face learning; online teaching; randomized controlled experiment; teaching effectiveness";0;0;0;0;0;1;0;1;0;1;1;1;0;0;NA;1;1;0;0;NA;NA;quantitative;
112;W4282842276;S2738008561;Education Sciences;2022;TRUE;FALSE;https://doi.org/10.3390/educsci12060404;Greece;"Mouchritsa, M.; Romero, A.; Garay, U.; Kazanopoulos, S.";Teachers Attitudes towards Inclusive Education at Greek Secondary Education Schools;"attitudes; inclusive education; Greek secondary schools; general education; special education";0;0;0;0;0;1;1;0;0;0;0;1;0;0;NA;1;0;0;0;NA;NA;quantitative;
113;W4366266252;S2596526815;Frontiers in Education;2023;TRUE;FALSE;https://doi.org/10.3389/feduc.2023.1046492;Germany, Switzerland;"Edelsbrunner, P. A.; Hofer, S. I.";Unraveling the relation between representational competence and conceptual knowledge across four samples from two different countries;"representational competence; conceptual knowledge; undergraduates; stem education; latent profile analysis";0;0;0;0;0;1;1;0;0;0;0;0;1;0;NA;1;0;0;0;NA;NA;quantitative;
114;W4392054927;S2596526815;Frontiers in Education;2024;TRUE;FALSE;https://doi.org/10.3389/feduc.2024.1316059;Germany, Austria;"Lutz, S.; Frey, A.; Rank, A.; Gebhardt, M.";InClass  an instrument to assess classroom management in inclusive and special education with a focus on heterogeneous learning groups;"classroom management; InClass; inclusive education; special education; student teachers; special educational needs (SEN)";0;0;0;0;0;1;1;0;0;0;0;1;0;0;psychometric;1;1;0;0;NA;NA;quantitative;
115;W2995887784;S2738252563;AERA Open;2019;TRUE;FALSE;https://doi.org/10.1177/2332858419894276;Germany;"Daumiller, M.; Janke, S.";The Impact of Performance Goals on Cheating Depends on How Performance Is Evaluated;"achievement goals; evaluation standards; cheating; academic dishonesty; performance goals";0;0;0;0;0;1;1;0;0;1;1;1;0;0;NA;1;1;0;0;NA;NA;quantitative;
116;W7119127971;S2596526815;Frontiers in Education;2026;TRUE;FALSE;https://doi.org/10.3389/feduc.2025.1731080;Germany;"Beege, M.; Mengelkamp, C.; Nebel, S.";Challenging the notion of a general disfluency effect: the moderating effect of element-interactivity on perceptual disfluency;"cognitive load; disfluency effect; element interactivity; metacognition; perceptual disfluency";0;0;0;0;0;1;1;0;0;1;1;1;0;0;NA;1;0;1;0;NA;NA;quantitative;
117;W4416128254;S2596526815;Frontiers in Education;2025;TRUE;FALSE;https://doi.org/10.3389/feduc.2025.1515281;Germany;"Ludewig, U.; Becher, L.; McElvany, N.";How useful are interpretation aids for communicating large-scale assessment results to teachers?;"large-scale assessment (LSA); reading literacy; teacher education; data literacy; science communication";0;0;0;0;0;1;1;0;0;1;0;1;0;0;NA;1;1;0;0;NA;NA;quantitative;
118;W4406406258;S2596526815;Frontiers in Education;2025;TRUE;FALSE;https://doi.org/10.3389/feduc.2024.1347749;Germany;"Munk, S.; Holzberger, D.; Bheim, R.; Seidel, T.";Supportive teachers, active students: Is teacher support a promising key to engaging students with and without migration backgrounds?;"migration background; teacher support; error culture; participation; engagement";0;0;0;0;0;1;0;1;0;0;0;0;1;0;NA;0;1;0;0;NA;NA;quantitative;
119;W4406041816;S2596526815;Frontiers in Education;2025;TRUE;FALSE;https://doi.org/10.3389/feduc.2024.1477841;Germany;"Gutowski, R.; Novotn, P.; Jantov, V.; Groschedl, J.";Do future biology teachers bug out with higher insect-related knowledge and more positive attitudes? A comparison of different education levels;"biology education; knowledge about insects; attitudes toward insects; secondary school students; pre-service biology teachers; gender";0;0;0;0;0;1;1;0;0;0;0;1;0;0;NA;1;0;1;0;NA;fragebogen;quantitative;
120;W4404537873;S2596526815;Frontiers in Education;2024;TRUE;FALSE;https://doi.org/10.3389/feduc.2024.1397936;Germany;"Kreutzmann, M.; Frhauf, M.; Hannover, B.; Koeppen, K.";Communal and agentic teacher behavior in teacher-child dyads. A new self-report scale based on a circumplex approach;"agency; communion; interpersonal teacher behavior; dyads; adaptive teaching";0;0;0;0;0;1;1;0;0;0;0;1;0;0;NA;1;0;1;0;NA;fragebogen;quantitative;
121;W4399157459;S2596526815;Frontiers in Education;2024;TRUE;FALSE;https://doi.org/10.3389/feduc.2024.1368503;Germany;"Vinokic, K.; Baron, F.; Kunter, M.; Linberg, A.; Begrich, L.; Kuger, S.";Using the thin slices technique to assess interactional quality in early childhood education and care settings;"thin slices technique; ECEC research; interaction quality; psychometric accuracy; first impressions; applied measurement";0;0;0;0;0;1;1;0;0;0;0;0;1;0;NA;0;0;0;0;1;NA;quantitative;
122;W4394723324;S2596526815;Frontiers in Education;2024;TRUE;FALSE;https://doi.org/10.3389/feduc.2024.1378313;Germany;"Sigmund, J. L.; Mehlhase, H.; Schulte-Krne, G.; Moll, K.";Early cognitive predictors of spelling and reading in German-speaking children;"spelling development; reading development; predictors; longitudinal; kindergarten; German orthography";0;0;0;0;0;1;0;1;0;0;0;1;0;0;NA;1;1;0;0;NA;NA;quantitative;
123;W4387569670;S2596526815;Frontiers in Education;2023;TRUE;FALSE;https://doi.org/10.3389/feduc.2023.1234739;Germany;"Nicolay, P.; Huber, C.";A question of feedback? Studying effects of academic performance and teacher feedback on primary school students social acceptance in an experimental setting;"social acceptance; teacher feedback; social referencing; social participation; peer acceptance";0;0;0;0;0;1;0;1;0;1;1;1;0;0;NA;0;0;1;0;NA;video;quantitative;
124;W4320495761;S2596526815;Frontiers in Education;2023;TRUE;FALSE;https://doi.org/10.3389/feduc.2023.1033488;Germany;"Bosch, J.; Wilbert, J.";The impact of social comparison processes on self-evaluation of performance, self-concept, and task interest;"social comparison; self-evaluation; self-concept; interest; contrast effects";0;0;0;0;0;1;0;1;0;1;1;1;0;0;NA;1;0;0;0;NA;NA;quantitative;
125;W4311865240;S2596526815;Frontiers in Education;2022;TRUE;FALSE;https://doi.org/10.3389/feduc.2022.976556;Germany;"Schmidt, K.; Rosman, T.; Cramer, C.; Besa, K.-S.; Merk, S.";Teachers trust educational science - Especially if it confirms their beliefs;"evidence-informed education; anecdotal evidence; confirmation bias; second-hand evaluation; scientific evidence; trust in science; teacher education";0;0;0;0;0;1;0;1;0;1;1;1;0;0;NA;1;1;1;0;NA;fragebogen;quantitative;
126;W4309698393;S2596526815;Frontiers in Education;2022;TRUE;FALSE;https://doi.org/10.3389/feduc.2022.945733;Germany;"Ebenbeck, N.; Gebhardt, M.";Simulating computerized adaptive testing in special education based on inclusive progress monitoring data;"computerized adaptive testing; inclusive; diagnostics; assessment; formative";0;0;0;0;0;1;1;1;0;0;0;0;1;0;psychometric;1;1;0;0;NA;NA;quantitative;
127;W4308416323;S2596526815;Frontiers in Education;2022;TRUE;FALSE;https://doi.org/10.3389/feduc.2022.977631;Germany;"Bauer, E.; Sailer, M.; Kiesewetter, J.; Fischer, M. R.; Fischer, F.";Diagnostic argumentation in teacher education: Making the case for justification, disconfirmation, and transparency;"teacher education; diagnostic argumentation; scientific argumentation; diagnostic accuracy; diagnostic judgment; diagnostic knowledge";0;0;0;0;0;1;0;1;0;0;0;0;1;0;NA;0;0;1;0;NA;fallbeispiele;quantitative;
128;W4303962057;S2596526815;Frontiers in Education;2022;TRUE;FALSE;https://doi.org/10.3389/feduc.2022.943091;Germany;"Rahe, M.; Jansen, P.";Understanding the relationship between perceived stress, academic motivation, and physical activity in college students during the coronavirus pandemic;"coronavirus pandemic; stress; motivation; physical activity; students; gender differences";0;0;0;0;0;1;1;0;0;0;0;1;0;0;NA;0;0;0;0;1;NA;quantitative;
129;W4292409449;S2596526815;Frontiers in Education;2022;TRUE;FALSE;https://doi.org/10.3389/feduc.2022.920498;Germany;"Hase, A.; Kahnbach, L.; Kuhl, P.; Lehr, D.";To use or not to use learning data: A survey study to explain German primary school teachers usage of data from digital learning platforms for purposes of individualization;"Data-Based Decision Making; digital learning platforms; individualization; Learning Analytics; primary school teacher; structural equation modeling; Theory of Planned Behavior";0;0;0;0;0;1;1;0;0;0;0;1;0;0;NA;0;0;0;0;1;NA;quantitative;
130;W4286433114;S2596526815;Frontiers in Education;2022;TRUE;FALSE;https://doi.org/10.3389/feduc.2022.868752;Germany;"Meuleners, J. S.; Neuhaus, B. J.; Eberle, J.";Basic needs support and achievement emotions in daily research of life scientists considering academic positions;"academic staff; daily research; post-docs; professors; achievement emotions; basic needs support; tertiary education";0;0;0;0;0;1;1;0;0;0;0;1;0;0;NA;0;0;1;0;NA;fragebogen;quantitative;
131;W4286633215;S2596526815;Frontiers in Education;2022;TRUE;FALSE;https://doi.org/10.3389/feduc.2022.917944;Germany;"Wilbert, J.; Brnert-Ringleb, M.; Lke, T.";Statistical Power of Piecewise Regression Analyses of Single-Case Experimental Studies Addressing Behavior Problems;"single-case design; single case analysis; Monte-Carlo simulation; behavior problems; special education; research design; single-case experimental design";0;0;0;0;0;1;0;1;0;0;0;1;0;0;methodical;0;1;0;0;NA;NA;quantitative;
132;W4283160472;S2596526815;Frontiers in Education;2022;TRUE;FALSE;https://doi.org/10.3389/feduc.2022.892312;Germany;"Lenski, S.; Elsner, S.; Groschedl, J.";Comparing Construction and Study of Concept Maps  An Intervention Study on Learning Outcome, Self-Evaluation and Enjoyment Through Training and Learning;"biology education; concept maps; metacognition; learning; performance; training";0;0;0;0;0;1;0;1;1;0;1;1;0;0;NA;1;1;0;0;NA;NA;quantitative;
133;W3167017427;S2596526815;Frontiers in Education;2021;TRUE;FALSE;https://doi.org/10.3389/feduc.2021.684595;Germany;"Schurig, M.; Jungjohann, J.; Gebhardt, M.";Minimization of a Short Computer-Based Test in Reading;"learning progress monitoring; test minimization; test length; computer-based testing; test development; item reduction";0;0;0;0;0;1;0;1;0;0;0;1;1;0;psychometric;1;1;0;0;NA;NA;quantitative;
134;W3166383600;S2596526815;Frontiers in Education;2021;TRUE;FALSE;https://doi.org/10.3389/feduc.2021.668538;Germany;"Ehninger, J.; Knigge, J.; Schurig, M.; Rolle, C.";A New Measurement Instrument for Music-Related Argumentative Competence: The MARKO Competency Test and Competency Model;"music-related argumentation; competency; assessment; music; reasoning; item response theory; empirical research; musical judgment";0;0;0;0;0;1;1;0;0;0;0;1;0;0;psychometric;1;1;0;0;NA;NA;quantitative;
136;W4407296209;S2738008561;Education Sciences;2025;TRUE;FALSE;https://doi.org/10.3390/educsci15020205;Germany;"Ftterer, T.; Wurst, C.; Goeze, A.";Rethinking Professional Development: Development and Evaluation of an Evidence-Based Online PD Course on the Effective Use of Technology in the Classroom;"online professional development; ICAP; in-service teacher training; prepost design; teachers technological pedagogical knowledge";0;0;0;0;0;1;0;1;0;0;1;1;0;0;NA;1;1;0;0;NA;NA;quantitative;
137;W4405759469;S2738008561;Education Sciences;2024;TRUE;FALSE;https://doi.org/10.3390/educsci15010005;Germany;"Zellner, J.; Ebenbeck, N.; Gebhardt, M.";Designing a Digital Flash Reading Test for Data-Based Decisions in Inclusive Classrooms: Duration and Word Length as Difficulty-Generating-Item Characteristics;"reading diagnostics; flash reading test; assessment; reading speed; inclusive teaching";0;0;0;0;0;1;1;0;0;0;0;1;0;0;psychometric;1;1;0;0;NA;NA;quantitative;
138;W4391844952;S2738008561;Education Sciences;2024;TRUE;FALSE;https://doi.org/10.3390/educsci14020196;Germany;"Dchne, M.; Lesperance, K.; Ziernwald, L.; Holzberger, D.";From Research to RetweetsExploring the Role of Educational Twitter (X) Communities in Promoting Science Communication and Evidence-Based Teaching;"social media; twitter (X); teacher professional development; science communication; researcherpractitioner gap; evidence-based teaching; teacher survey; analytical hierarchy process; natural language processing; sentiment analysis";0;0;0;0;0;1;0;0;0;0;0;1;1;0;NA;1;0;1;0;NA;fragebogen;quantitative;
139;W3211866497;S2596526815;Frontiers in Education;2021;TRUE;FALSE;https://doi.org/10.3389/feduc.2021.733663;France;"Corrg, J.-B.; Michinov, N.";Group Size and Peer Learning: Peer Discussions in Different Group Size Influence Learning in a Biology Exercise Performed on a Tablet With Stylus;"biology; gender; group discussion; group size; peer learning; tablets";0;0;0;0;0;1;0;1;1;0;1;1;0;0;NA;1;1;0;0;NA;NA;quantitative;
140;W4409234094;S4210201537;International Journal of Educational Technology in Higher Education;2025;TRUE;FALSE;https://doi.org/10.1186/s41239-025-00523-3;Finland;"Heikkinen, S.; Saqr, M.; Malmberg, J.; Tedre, M.";A longitudinal study of interplay between student engagement and self-regulation;"learning analytics; self-regulated learning; student engagement; online education; multi-channel clustering; sequence analysis; hidden Markov models; asynchronous learning";0;0;0;0;0;1;0;1;0;0;0;1;0;0;NA;1;0;0;0;NA;NA;quantitative;
143;W3195878146;S2738008561;Education Sciences;2021;TRUE;FALSE;https://doi.org/10.3390/educsci11090457;Estland;"Tilga, H.; Kalajas-Tilga, H.; Hein, V.; Raudsepp, L.; Koka, A.";Perceived Autonomy Support from Peers, Parents, and Physical Education Teachers as Predictors of Physical Activity and Health-Related Quality of Life among AdolescentsA One-Year Longitudinal Study;"physical activity; health-related quality of life; autonomy support; trans-contextual model of motivation; adolescents; physical education; motivation; self-determination theory";0;0;0;0;0;1;0;1;0;0;0;1;0;0;NA;1;0;0;0;NA;NA;quantitative;
145;W4401455762;S2738008561;Education Sciences;2024;TRUE;FALSE;https://doi.org/10.3390/educsci14080864;Ecuador;"Bedoya-Guerrero, A.; Basantes-Andrade, A.; Rosales, F. O.; Naranjo-Toro, M.; Len-Carlosama, R.";Soft Skills and Employability of Online Graduate Students;"soft skills; employability; online graduate students; online education; skills development; student development; innovative training; social development";0;0;0;0;0;1;1;0;0;0;0;1;0;0;NA;0;1;1;0;NA;fragebogen;quantitative;
146;W4205477402;S2738008561;Education Sciences;2021;FALSE;TRUE;https://doi.org/10.3390/educsci12010017;Ecuador;"Benalczar, M. E.; Barona, L.; Valdivieso, . L.; Vimos, V. H.; Velastegui, D.; Santacruz, C. J.";Educational Impact on Ecuadorian University Students Due to the COVID-19 Context;"Sars-CoV2; COVID-19; PLS-SEM; university students; Ecuador; educational impact";0;0;0;0;0;1;1;0;0;0;0;1;0;0;NA;1;0;0;0;NA;NA;quantitative;
147;W4410185692;S2596526815;Frontiers in Education;2025;TRUE;FALSE;https://doi.org/10.3389/feduc.2025.1576918;Czech Republic, Slovakia;"Ballov Mikukov, E.; Vereov, M.; Gatial, V.; Badoek, R.; Kimplov, T.";Professional competencies, motivation, cognitive abilities and personality in pre-service teachers;"professional competency; personality; motivation; cognitive ability; teacher";0;0;0;0;0;1;1;0;0;0;0;1;0;0;NA;1;1;0;0;NA;NA;quantitative;
148;W4405456984;S2596526815;Frontiers in Education;2024;FALSE;TRUE;https://doi.org/10.3389/feduc.2024.1451859;Colombia;"Uribe, V.; Figueroa, P.; Gomez, V.";The influence of metaverse environment design on the quality of experience in virtual reality classes: a comparative study;"Applied computing; Education; e-learning; human-centered computing; Human-computer interaction; interaction paradigms; virtual reality";0;0;0;0;0;1;0;1;0;1;1;1;0;0;NA;1;0;0;0;NA;NA;quantitative;
149;W4414879973;S2596526815;Frontiers in Education;2025;FALSE;TRUE;https://doi.org/10.3389/feduc.2025.1683176;China;"Xie, H.; Zhang, G.; Yan, R.";Students acceptance of artificial intelligence eBooks using LCA and SEM: a case study of medical book in China;"AI eBooks; acceptance; digital literacy; latent class model; structural equation model";0;0;0;0;0;1;1;0;0;0;0;1;0;0;NA;0;0;1;0;NA;study_material;quantitative;
150;W4414777095;S2596526815;Frontiers in Education;2025;FALSE;TRUE;https://doi.org/10.3389/feduc.2025.1673956;China;"Wang, X.; Zhou, J.; Jian, L.; Yin, Y.; Li, L.";Empowering college students to select ideal advisors: a text-based recommendation model;"advisor recommendation; text-based recommendation; bidirectional encoder representations from transformers; simple contrastive learning of sentence embeddings; large language model";0;0;0;0;0;1;1;1;0;0;0;1;1;0;NA;1;1;0;0;NA;NA;quantitative;
151;W4413179718;S2596526815;Frontiers in Education;2025;FALSE;TRUE;https://doi.org/10.3389/feduc.2025.1624827;China;"Ma, Y.; Liu, L.";HSNMF enables accurate and effective analysis for the college students psychological health education data and student life data;"psychological health education; matrix factorization; hypergraph learning; data visualization; depress status association analysis";0;0;0;0;0;1;1;0;0;0;0;0;1;0;bibliometric;1;1;0;0;NA;NA;quantitative;
153;W4408114480;S2738008561;Education Sciences;2025;TRUE;FALSE;https://doi.org/10.3390/educsci15030310;China;"Chow, T. S.; To, K.";Mindsets Matter: A Mediation Analysis of the Role of a Technological Growth Mindset in Generative Artificial Intelligence Usage in Higher Education;"generative artificial intelligence; technology adoption; growth mindset; technology anxiety; performance expectancy; effort expectancy; higher education";0;0;0;0;0;1;1;0;0;0;0;1;0;0;NA;1;0;0;0;NA;NA;quantitative;
154;W4398134729;S2738008561;Education Sciences;2024;TRUE;FALSE;https://doi.org/10.3390/educsci14050548;China;"Su, C.; Liu, X.; Gan, X.; Zeng, H.";Using Synchronized Eye Movements to Predict Attention in Online Video Learning;"eye tracking; intersubject correlation; online learning; learning styles; attentional assessment";0;0;0;0;0;1;0;1;0;1;1;1;0;0;NA;1;1;0;0;NA;NA;quantitative;
155;W4391926641;S2738008561;Education Sciences;2024;TRUE;FALSE;https://doi.org/10.3390/educsci14020204;China;"Getty, D. J.; Wei, X.; Chen, L.";Independent Semantic and Syntactic Representations in L2 Mandarin Learners: Evidence from Structural Priming;"structural priming; reading; bilingualism";0;0;0;0;0;1;0;1;0;1;0;1;0;0;NA;1;1;0;0;NA;NA;quantitative;
156;W4385954779;S2596526815;Frontiers in Education;2023;TRUE;FALSE;https://doi.org/10.3389/feduc.2023.1104945;Canada;"Archibald, L. M. D.; Davison, C.; Kuiack, A.; Doytchinova, S.; King, C.; Shore-Reid, D.; Cook, P.; Vollebregt, M.";Comparing community-based reading interventions for middle school children with learning disabilities: possible order effects when emphasizing skills or reasoning;"community-based; skill-based; reason-based; reading programs; randomized cross-over design";0;0;0;0;0;1;0;1;0;1;1;1;0;0;NA;0;0;0;0;1;NA;quantitative;
157;W4407203081;S4210201537;International Journal of Educational Technology in Higher Education;2025;FALSE;TRUE;https://doi.org/10.1186/s41239-025-00505-5;Canada;"Bordalejo, B.; Pafumi, D.; Onuh, F.; Khalid, A. K. M. I.; Pearce, M. S.; ODonnell, D. P.";Scarlet Cloak and the Forest Adventure: A Preliminary Study of the Impact of AI on Commonly Used Writing Tools;"AI writing tools; AI detection; Grammarly; GPTZero; Turnitin; academic integrity; writing assistance";0;0;0;0;0;1;1;0;0;1;0;1;1;0;NA;1;1;0;0;NA;NA;quantitative;
158;W4309689362;S2738008561;Education Sciences;2022;FALSE;TRUE;https://doi.org/10.3390/educsci12120845;Brazil;"Melo, E.; Silva, I.; Costa, D. G.; Viegas, C. M. D.; Barros, T. M.";On the Use of eXplainable Artificial Intelligence to Evaluate School Dropout;"xplainable artificial intelligence; XAI; school dropout; machine learning; educational data science";0;0;0;0;0;1;0;1;0;0;0;0;1;0;NA;0;1;0;0;NA;NA;quantitative;
159;W4283277837;S2738008561;Education Sciences;2022;FALSE;TRUE;https://doi.org/10.3390/educsci12070423;Bangladesh;"Jony, S. S. R.; Kano, T.; Hayashi, R.; Matsuda, N.; Rahman, M. S.";n Exploratory Study of Online Job Portal Data of the ICT Sector in Bangladesh: Analysis, Recommendations and Preliminary Implications for ICT Curriculum Reform;"ICT sector; online job portal data; Bangladesh; digital skills; curriculum reform";0;0;0;0;0;1;0;1;0;0;0;1;0;0;NA;0;1;0;0;NA;NA;quantitative;
160;W3006879939;S2596526815;Frontiers in Education;2020;TRUE;FALSE;https://doi.org/10.3389/feduc.2020.00015;Austria;"Breuer, S.; Scherndl, T.; Ortner, T. M.";Effects of Response Format on Psychometric Properties and Fairness of a Matrices Test: Multiple Choice vs. Free Response;NA;0;0;0;0;0;1;1;0;0;1;0;1;0;0;psychometric;1;1;0;0;NA;NA;quantitative;
162;W7105207516;S2596526815;Frontiers in Education;2025;TRUE;FALSE;https://doi.org/10.3389/feduc.2025.1515281;NA;"Ludewig; U.; Becher; L.; McElvany; N.";How useful are interpretation aids for communicating large-scale assessment results to teachers?;"large-scale assessment; interpretation aids; teachers; result communication; standard deviation units; reporting vignettes";0;0;0;0;0;1;1;0;0;1;1;1;0;0;NA;1;0;0;0;NA;NA;quantitative;
163;W4408412646;S2764918247;Cogent Education;2025;TRUE;FALSE;https://doi.org/10.1080/2331186x.2025.2478322;United States;"Young; M. E.; Petrescu; C.";Graduate student perceptions of their graduate experience: an informational tool for academic programs and graduate schools;"graduate students; graduate experience; survey; academic programs; graduate schools; mentoring";0;0;0;0;0;1;1;0;0;0;0;1;0;0;NA;0;1;1;0;NA;fragebogen;quantitative;
164;W4392788309;S2764918247;Cogent Education;2024;TRUE;FALSE;https://doi.org/10.1080/2331186x.2023.2292825;Chile;"Quintana; G. R.; Dufraix; I.; Escudero-Pasten; J. I.; Santibanez-Palma; J. F.; Figueroa-Grenett; C.";Psychometric validation and gender invariance analysis of a revised version of the attitudes towards research scale (EACIN-23) in a Chilean university student sample;"attitudes towards research; EACIN-23; psychometric validation; gender invariance; Chile; university students";0;0;0;0;0;1;1;0;0;0;0;1;0;0;psychometric;1;0;1;0;1;NA;quantitative;
165;W4389856065;S2764918247;Cogent Education;2023;TRUE;FALSE;https://doi.org/10.1080/2331186x.2023.2286813;Slovakia;"Ballova Mikuskova; E.; Veresova; M.; Gatial; V.";Antecedents of teachers' professional competencies;"professional competency; teacher; motivation; personality; cognition; executive function";0;0;0;0;0;1;1;0;0;0;0;1;0;0;NA;1;1;0;0;NA;NA;quantitative;
166;W4414261292;S4210191100;Frontline Learning Research;2025;TRUE;FALSE;https://doi.org/10.14786/flr.v13i3.1653;NA;"Huber; S.; Cloude; E.; Ober; L.; Edlinger; M.; Lindstedt; A.; Kiili; K.; Ninaus; M.";Addressing boundary conditions of cognitive and motivational effects of gamified learning;"gamification; game-based learning; context; boundary conditions; cognition; motivation";0;0;0;0;0;1;1;0;0;1;1;1;1;0;NA;0;1;0;0;NA;NA;quantitative;
167;W3013999449;S4210191100;Frontline Learning Research;2020;TRUE;FALSE;https://doi.org/10.14786/flr.v8i3.529;Germany;"Moeller; J.; Viljaranta; J.; Kracke; B.; Dietrich; J.";"Disentangling objective characteristics of learning situations from subjective perceptions thereof; using an experience sampling method design";"experience sampling method; learning situations; subjective perceptions; objective characteristics; situational interest; intensive longitudinal data";0;0;0;0;0;1;0;1;0;0;0;1;0;0;methodic;1;0;1;0;NA;NA;quantitative;
169;W3190900033;S2738252563;AERA Open;2021;TRUE;FALSE;https://doi.org/10.1177/23328584211033595;Germany;"Merk; S.; Drahmann; M.; Cramer; C.";Development and Validation of the Tuebingen Inventory to Measure Teachers' Profession-Specific Value Orientations (TIVO);"values; teachers; profession-specific value orientations; TIVO; validation; factor analysis; construct validity";0;0;0;0;0;1;1;0;0;1;0;1;0;0;psychometric;1;0;1;1;NA;fragebogen;quantitative;
170;W2909670371;S2738252563;AERA Open;2019;TRUE;FALSE;https://doi.org/10.1177/2332858419831007;NA;"McBee; M. T.; Makel; M. C.";The Quantitative Implications of Definitions of Giftedness;"giftedness; identification; internal validity; numerical analysis; simulation; talent";0;0;0;0;1;1;0;0;0;0;0;0;0;0;"conceptual; methodic";1;1;0;0;NA;NA;quantitative;
174;W4415457039;S2596526815;Frontiers in Education;2025;TRUE;FALSE;https://doi.org/10.3389/feduc.2025.1613894;Germany;"Zinke; N.; Ritz; A.; Bunzeck; N. B.";Mindfulness-based interventions and student wellbeing: can digital group meetings enhance app-based training?;"mindfulness-based intervention; student wellbeing; stress; loneliness; app-based training; virtual reality; video calls";0;0;0;0;0;1;0;1;0;1;1;1;0;0;NA;1;1;1;0;NA;study_material;quantitative;
175;W4415418974;S2596526815;Frontiers in Education;2025;TRUE;FALSE;https://doi.org/10.3389/feduc.2025.1661179;Peru;"Ventura-Leon; J.; Lino-Cruz; C.; Tocto-Munoz; S.; Gamboa-Melgar; G.; Ruiz-Castro; J.";Cultural adaptation and psychometric validation of the academic progress goals scale for Peruvian university students;"academic progress goals; psychometric validation; Peruvian university students; EFA; CFA; structural equation modeling";0;0;0;0;0;1;1;0;0;0;0;1;0;0;psychometric;1;0;0;0;NA;NA;quantitative;
176;W4412379158;S2596526815;Frontiers in Education;2025;TRUE;FALSE;https://doi.org/10.3389/feduc.2025.1635351;Germany;"Grub; A.; Selisko; T. J.; Lewalter; D.; Biermann; A.";A quasi-experimental eye-tracking study investigating the relationship between professional vision and the dispositions for inclusive teaching;"eye-tracking; professional vision; inclusive teaching; pre-service teachers; video vignettes; self-efficacy";0;0;0;1;0;1;1;0;1;0;0;1;0;0;NA;0;0;1;0;NA;supplement;quantitative;
177;W4412163301;S2596526815;Frontiers in Education;2025;TRUE;FALSE;https://doi.org/10.3389/feduc.2025.1558203;Germany;"Fick; J.; Hendriks; F.; Thies; B.";How to talk about science in ways that are comprehensible and interesting? Evaluation of an evidence-based science communication training program for graduate students;"science communication; training evaluation; graduate students; pre-post design; self-efficacy; communication performance";0;0;0;0;0;1;0;1;1;0;1;1;0;0;NA;1;1;1;0;1;fragebogen;quantitative;
179;W4410235326;S2596526815;Frontiers in Education;2025;TRUE;FALSE;https://doi.org/10.3389/feduc.2025.1553001;Spain;"Brage-del-Rio; M.; Martin-Nunez; J. L.; Pablo-Lerchundi; I.";Educational strategies to reduce the gender gap in the self-efficacy of high school students in stem teaching;"STEM; gender gap; self-efficacy; high school students; Physics and Chemistry; academic performance; ANOVA";0;0;0;0;0;1;1;0;0;0;0;1;0;0;NA;1;0;1;0;NA;fragebogen;quantitative;
180;W4408095816;S2596526815;Frontiers in Education;2025;TRUE;FALSE;https://doi.org/10.3389/feduc.2025.1506752;United States;"Etkin H. K.; Etkin K. J.; Carter R. J.; Rolle C. E.";Differential effects of GPT-based tools on comprehension of standardized passages;"GPT-based tools; reading comprehension; artificial intelligence; ACT passages; AI tutoring";0;0;0;0;0;1;1;0;0;1;1;1;0;0;NA;0;0;0;0;1;NA;quantitative;
181;W4406406190;S2596526815;Frontiers in Education;2025;TRUE;FALSE;https://doi.org/10.3389/feduc.2024.1472125;Canada;"Wang Y.; Chung J. M.; Farb N. A. S.";How you ask matters: evidence-based assessment connecting decentering, reappraisal, and self-reported wellbeing in a post-secondary sample;"wellbeing; decentering; reappraisal; longitudinal assessment; psychometrics";0;0;0;0;0;1;0;1;0;0;0;1;0;0;psychometric;0;0;0;0;1;NA;quantitative;
185;W4401746086;S2596526815;Frontiers in Education;2024;TRUE;FALSE;https://doi.org/10.3389/feduc.2024.1360848;USA;"Wolff S. M.; Wright D. B.; Hatcher W. J.";Task-irrelevant visual distractions and mindful self-regulated learning in a low-stakes computer-based assessment;"visual distraction; mindful self-regulated learning; computer-based assessment; time pressure; Prolific";0;0;0;0;0;1;1;0;0;1;0;1;0;0;NA;1;0;0;0;NA;NA;quantitative;
187;W4399737695;S2596526815;Frontiers in Education;2024;TRUE;FALSE;https://doi.org/10.3389/feduc.2024.1411660;Vietnam;"Tjuka A.; Nguyen H. T. T.; van de Vijver R.; Spalek K.";Investigating the variation of intonation contours in Northern Vietnamese tones;"Northern Vietnamese tones; intonation contours; production study; focus; pitch";0;0;0;0;0;1;1;0;0;1;0;1;0;0;NA;1;1;1;0;NA;NA;quantitative;
188;W4397008226;S2596526815;Frontiers in Education;2024;TRUE;FALSE;https://doi.org/10.3389/feduc.2024.1368565;France;"Jeune N.; Juhel J.; Dessus P.; Atal I.";Six factors facilitating teachers' use of research. An experimental factorial survey of educational stakeholders perspectives;"teachers use of research; factorial survey; educational stakeholders; vignettes; research use";0;0;0;0;0;1;1;0;0;1;0;1;0;0;NA;1;1;1;0;NA;NA;quantitative;
191;W4390917241;S2596526815;Frontiers in Education;2024;TRUE;FALSE;https://doi.org/10.3389/feduc.2023.1252731;France;"Bidet-Ildei C.; Vilain C.; Fevin S.; Francisco V.; Vibert N.";The role of finger kinematics in the acquisition of number meaning in kindergarten: a pilot study;"finger kinematics; number meaning; kindergarten; point-light display; pilot study";0;0;0;0;0;1;0;1;1;0;1;1;0;0;NA;1;0;1;0;NA;NA;quantitative;
192;W4390665754;S2596526815;Frontiers in Education;2024;FALSE;TRUE;https://doi.org/10.3389/feduc.2023.1302701;United Kingdom;"Vuorinen P. T. E.; Tatler B. W.; Keller F.";Tracking e-reading behavior: uncovering the effects of task context, electronic experience, and motivation;"e-reading behavior; task context; motivation; electronic reading; tracking";0;0;0;1;0;1;0;1;0;0;0;1;0;0;NA;1;1;1;0;NA;NA;quantitative;
195;W4366828325;S2596526815;Frontiers in Education;2023;TRUE;FALSE;https://doi.org/10.3389/feduc.2023.1062053;Germany;"Rodemer M.; Karch J.; Bernholt S.";Pupil dilation as cognitive load measure in instructional videos on complex chemical representations;"pupil dilation; cognitive load; instructional videos; chemistry education; eye tracking";0;0;0;1;0;1;1;0;0;1;1;0;1;0;NA;1;1;0;0;NA;NA;quantitative;
196;W4321459076;S2596526815;Frontiers in Education;2023;FALSE;TRUE;https://doi.org/10.3389/feduc.2023.1063337;Germany;"Hromada D. D.; Kim H.";Proof-of-concept of feasibility of human-machine peer learning for German noun vocabulary learning;"human-machine peer learning; German noun vocabulary; speech-to-text; proof-of-concept; AI learning";0;0;0;0;0;1;0;1;1;0;1;1;0;0;NA;0;1;0;0;NA;software;quantitative;
197;W4315782093;S2596526815;Frontiers in Education;2023;TRUE;FALSE;https://doi.org/10.3389/feduc.2022.1065919;France;"Jury M.; Laurence A.; Cebe S.; Desombre C.";Teachers concerns about inclusive education and the links with teachers attitudes;"inclusive education; teacher concerns; attitudes; French teachers; correlational study";0;0;0;0;0;1;1;0;0;0;0;1;0;0;NA;1;0;1;0;NA;fragebogen;quantitative;
199;W4308416853;S2596526815;Frontiers in Education;2022;TRUE;FALSE;https://doi.org/10.3389/feduc.2022.920704;Germany;"Forthmann B.; Frster N.; Souvignier E.";Multilevel and empirical reliability estimates of learning growth: A simulation study and empirical illustration;"learning growth; reliability; multilevel modeling; simulation study; empirical illustration";0;0;0;0;0;1;0;1;0;0;0;0;1;0;psychometric;1;1;0;0;NA;NA;quantitative;
200;W4306816455;S2596526815;Frontiers in Education;2022;TRUE;FALSE;https://doi.org/10.3389/feduc.2022.1006766;Germany;"Futterleib H.; Thomm E.; Bauer J.";The scientific impotence excuse in education - Disentangling potency and pertinence assessments of educational research;"preservice teacher education; prior beliefs; motivated reasoning; science devaluation; evidence-based practice";0;0;0;0;0;1;0;1;0;1;0;1;0;0;NA;0;0;1;0;NA;supplement;quantitative;
201;W4292823895;S2596526815;Frontiers in Education;2022;TRUE;FALSE;https://doi.org/10.3389/feduc.2022.951898;Saudi Arabia;Alzahrani A.;Priming the Arabic dative: Evidence for syntactic abstractness and implicit learning;"syntactic priming; Arabic priming; dative priming; priming in production; implicit learning; language production";0;0;0;0;0;1;1;0;0;1;0;1;0;0;NA;0;0;1;0;NA;study_material;quantitative;
202;W4286697415;S2596526815;Frontiers in Education;2022;TRUE;FALSE;https://doi.org/10.3389/feduc.2022.909818;Germany;"Watrin L.; Geiger M.; Levacher J.; Spinath B.; Wilhelm O.";Development and Initial Validation of an Admission Test for Bachelor Psychology Studies;"admission test; psychology studies; test validation; reasoning ability; subject-specific knowledge; GPA";0;0;0;0;0;1;1;0;0;0;0;1;1;0;psychometric;0;1;0;0;NA;NA;quantitative;
203;W4284896008;S2596526815;Frontiers in Education;2022;TRUE;FALSE;https://doi.org/10.3389/feduc.2022.721731;Sweden;"Guath M.; Nygren T.";Civic Online Reasoning Among Adults: An Empirical Evaluation of a Prescriptive Theory and Its Correlates;"civic online reasoning; digital literacy; adults; misinformation; online news; correlates";0;0;0;0;0;1;1;0;0;0;0;1;0;0;NA;1;0;0;0;NA;NA;quantitative;
204;W4221025724;S2596526815;Frontiers in Education;2022;TRUE;FALSE;https://doi.org/10.3389/feduc.2022.835911;United States;"Shaw S. T.; Luna M. L.; Rodriguez B.; Yeh J.; Villalta N.; Ramirez G.";Mathematical Creativity in Elementary School Children: General Patterns and Effects of an Incubation Break;"mathematical creativity; elementary school children; incubation break; strategy generation; divergent thinking";0;0;0;0;0;1;1;0;0;1;1;1;0;0;NA;1;1;0;0;NA;NA;quantitative;
205;W4214512657;S2596526815;Frontiers in Education;2022;TRUE;FALSE;https://doi.org/10.3389/feduc.2021.788202;Netherlands;"Crompvoets E. A. V.; Bguin A. A.; Sijtsma K.";On the Bias and Stability of the Results of Comparative Judgment;"comparative judgment; scale separation reliability; bias; stability; educational measurement";0;0;0;0;0;1;0;0;0;0;0;0;1;0;psychometric;0;1;0;0;NA;NA;quantitative;
206;W4200308473;S2596526815;Frontiers in Education;2021;TRUE;FALSE;https://doi.org/10.3389/feduc.2021.668239;United States;"Kuchynka S.; Reifsteck T. V.; Gates A. E.; Rivera L. M.";Developing Self-Efficacy and Behavioral Intentions Among Underrepresented Students in STEM: The Role of Active Learning;"STEM interventions; minorities; mentorship; educational climate; stem education; high school; community college";0;0;0;0;0;1;0;1;1;0;1;1;0;0;NA;1;1;1;0;1;NA;quantitative;
207;W3213783902;S2596526815;Frontiers in Education;2021;TRUE;FALSE;https://doi.org/10.3389/feduc.2021.724711;NA;"Michaelides M. P.; Durkee P.";Self-Regulation Versus Self-Discipline in Predicting Achievement: A Replication Study With Secondary Data;"self-regulation; self-discipline; achievement; replication study; secondary data; GPA";0;0;0;0;0;1;1;0;0;0;0;0;1;0;NA;0;1;0;0;1;NA;quantitative;
208;W3206823529;S2596526815;Frontiers in Education;2021;FALSE;TRUE;https://doi.org/10.3389/feduc.2021.711618;United States;"Bahr T.; Ball H. C.; Bayline J. L.; Beard N.; Bernick J.; Bivens N.; Brown C.; Burdett T.; Burks R.; Castoe T. A.; et al.";The Bioinformatics Virtual Coordination Network: An Open Community for Collaborative Learning and Training;"bioinformatics; virtual coordination network; online training; computational biology; open community";0;0;0;0;0;1;1;0;0;0;1;1;0;0;didactic;0;0;1;0;NA;course_material;quantitative;
210;W3161916282;S2596526815;Frontiers in Education;2021;TRUE;FALSE;https://doi.org/10.3389/feduc.2021.655747;Austria;"Vogel S. E.; Faulkenberry T. J.; Grabner R. H.";Quantitative and Qualitative Differences in the Canonical and the Reverse Distance Effect and Their Selective Association With Arithmetic and Mathematical Competencies;"individual differences; canonical distance effect; reverse distance effect; arithmetic abilities; mathematical competencies";0;0;0;0;0;1;1;0;0;0;0;1;0;0;NA;1;1;0;0;NA;NA;quantitative;
211;W3167169992;S2596526815;Frontiers in Education;2021;TRUE;FALSE;https://doi.org/10.3389/feduc.2021.693355;France;"Mirault J.; Albrand J.-P.; Lassault J.; Grainger J.; Ziegler J. C.";Using Virtual Reality to Assess Reading Fluency in Children;"virtual reality; reading fluency; eye tracking; lexical decision; assessment; children";0;0;0;1;0;1;1;0;0;0;0;1;0;0;psychometric;1;1;1;0;NA;study_material;quantitative;
212;W3157926203;S2596526815;Frontiers in Education;2021;TRUE;FALSE;https://doi.org/10.3389/feduc.2021.655356;France;"Jury M.; Perrin A.-L.; Rohmer O.; Desombre C.";Attitudes Toward Inclusive Education: An Exploration of the Interaction Between Teachers Status and Students Type of Disability Within the French Context;"inclusive education; teacher attitudes; disability; teachers status; French context";0;0;0;0;0;1;1;0;0;1;0;1;0;0;NA;1;0;1;0;NA;NA;quantitative;
213;W3128509959;S2596526815;Frontiers in Education;2021;TRUE;FALSE;https://doi.org/10.3389/feduc.2020.607096;France;"Charafeddine R.; Triniol B.; Ogier M.; Foncelle A.; Epinat J.; Van der Henst J.-B.";Do Preschoolers Align Their Preferences With Those of a Powerful Individual?;"preschoolers; social influence; power; preferences; social status; developmental psychology";0;0;0;0;0;1;1;0;0;1;0;1;0;0;NA;1;0;0;0;NA;NA;quantitative;
214;W3089029312;S2596526815;Frontiers in Education;2020;TRUE;FALSE;https://doi.org/10.3389/feduc.2020.533998;United Kingdom;"Taylor N.; Hofer M.; Nelson J. D.";The Paradox of Help Seeking in the Entropy Mastermind Game;"help-seeking; Bayesian reasoning; mathematical games; optimal experimental design theory; information-seeking behavior";0;0;0;1;0;1;0;1;0;1;0;1;0;0;NA;0;0;1;0;NA;study_material;quantitative;
216;W3027295651;S2596526815;Frontiers in Education;2020;TRUE;FALSE;https://doi.org/10.3389/feduc.2020.00103;Czech Republic;"Brom C.; Lukavsk J.; Greger D.; Hannemann T.; Strakov J.; va??ek R.";Mandatory Home Education During the COVID-19 Lockdown in the Czech Republic: A Rapid Survey of 1st-9th Graders Parents;"COVID-19; distance education; home education; online education; parents; Czech Republic";0;0;0;0;0;1;1;0;0;0;0;1;0;0;NA;0;0;1;0;NA;supplement;quantitative;
217;W2945031180;S2596526815;Frontiers in Education;2019;TRUE;FALSE;https://doi.org/10.3389/feduc.2019.00041;NA;"Schuengel C.; van Rest M. M.; Stanford C. E.; Hastings R. P.";Impact of Research About the Early Development of Children With Intellectual Disability: A Science Mapping Analysis;"intellectual disability; early development; science mapping; longitudinal research; bibliometrics";0;0;0;0;1;1;0;0;0;0;0;0;1;1;bibliometric;0;0;1;0;NA;supplement;quantitative;
218;W2904815316;S2596526815;Frontiers in Education;2018;TRUE;FALSE;https://doi.org/10.3389/feduc.2018.00112;Netherlands;"Sense F.; Meijer R. R.; van Rijn H.";Exploration of the Rate of Forgetting as a Domain-Specific Individual Differences Measure;"forgetting rate; individual differences; fact learning; adaptive learning; memory; computerized learning";0;0;0;0;0;1;0;1;0;0;1;1;0;0;psychometric;1;1;1;0;NA;supplement;quantitative;
219;W4417431735;S2738008561;Education Sciences;2025;FALSE;TRUE;https://doi.org/10.3390/educsci15121704;International;"Bdi B.; Beedar H.; Chiera B.; Chua C.; Geneix-Rabault S.; Kreusch V.; Maizonniaux C.; Rayner M.; Rendina S.; Ryan-Cooper E.; Sukhyi V.; Vargova I.; Wright S.; Yao C.; Zviel-Girshin R.";AI-Generated Tailor-Made Pedagogical Picture Books: How Close Are We?;"C-LARA; educational technology evaluation; generative AI; glossing; multi-word expressions; picture books; second language learning; tailored instruction";0;0;0;0;0;1;1;0;0;0;1;1;0;0;didactic;1;0;0;0;NA;NA;quantitative;
220;W4410438942;S2738008561;Education Sciences;2025;FALSE;TRUE;https://doi.org/10.3390/educsci15050614;USA;"Bethke; E.; Amos; J. R.";Topic Level Visualization of Student Enrollment Records in a Computer Science Curriculum;"curriculum review; student enrollment records; visualization; computer science curriculum; topic maps";0;0;0;0;1;1;1;0;0;0;0;0;1;0;methodic;0;1;0;0;NA;NA;quantitative;
221;W4406324717;S2738008561;Education Sciences;2025;FALSE;TRUE;https://doi.org/10.3390/educsci15010080;Chile;"Torres; N.";CodeContrast: A Contrastive Learning Approach for Generating Coherent Programming Exercises;"programming exercises; contrastive learning; generative model; computer science education; test cases; code solutions";0;0;0;0;1;1;1;0;0;1;0;1;NA;0;methodic;0;1;0;0;NA;software;quantitative;
222;W4405377091;S2738008561;Education Sciences;2024;TRUE;FALSE;https://doi.org/10.3390/educsci14121368;NA;"Guerra; E.; Kronmller; E.";Are Adolescents with a Wider Vocabulary Faster at Inference Making During Reading? Evidence from Self-Paced Reading;"vocabulary knowledge; inference making; reading comprehension; self-paced reading; adolescents; Spanish-speaking students";0;0;0;0;0;1;1;0;0;1;0;1;0;0;NA;1;1;1;0;NA;study_material;quantitative;
223;W4405196945;S2738008561;Education Sciences;2024;FALSE;TRUE;https://doi.org/10.3390/educsci14121341;Colombia;"Arrieta-Cohen; M. C.; Torres-Arizal; L. A.; Gmez-Yepes; R. L.";Evaluating the Impact of an Educational Intervention Using Project-Based Learning on Postpandemic Recovery in Rural Colombia;"project-based learning; rural education; 21st-century skills; evidence-centered design; depth of knowledge; program evaluation";0;0;0;0;0;1;0;1;1;0;1;1;0;0;NA;1;1;0;0;NA;NA;quantitative;
224;W4403842375;S2738008561;Education Sciences;2024;TRUE;FALSE;https://doi.org/10.3390/educsci14111165;Spain;"Cerezo-Pizarro; M.; Presentacin-Muoz; A.; Calzada-Rodrguez; J. I.";Developing Doctoral Theses in Education: The Role of Systematic Reviews in the Spanish Context;"doctoral theses; systematic reviews; research trends; education; Spanish context; PhD production";0;0;0;0;1;1;1;0;0;0;0;0;1;1;bibliometric;0;0;0;1;NA;NA;quantitative;
225;W4399736177;S2738008561;Education Sciences;2024;FALSE;TRUE;https://doi.org/10.3390/educsci14060656;NA;"Susnjak; T.; McIntosh; T. R.";ChatGPT: The End of Online Exam Integrity?;"AI impact on education; ChatGPT in exam cheating; multimodal online assessments; GPT-4 vision evaluation; educational integrity; generative AI";0;0;0;0;1;1;1;0;0;1;0;0;1;0;methodic;1;1;0;0;NA;NA;quantitative;
226;W4392810564;S2738008561;Education Sciences;2024;TRUE;FALSE;https://doi.org/10.3390/educsci14030307;USA;"Menendez; D.; Donovan; A. M.; Mathiaparanam; O. N.; Klapper; R. E.; Yoo; S. H.; Rosengren; K. S.; Alibali; M. W.";The Role of Visual Representations in Undergraduate Students Learning About Genetic Inheritance;"visual representations; undergraduate students; genetic inheritance; learning transfer; pedigree diagrams";0;0;0;0;0;1;1;0;0;1;0;1;0;0;NA;1;1;1;0;NA;NA;quantitative;
228;W4387259135;S2738008561;Education Sciences;2023;FALSE;TRUE;https://doi.org/10.3390/educsci13101004;Mexico;"Barrera Yaez; A. G.; Alonso-Fernndez; C.; Prez-Colado; V. M.; Fernndez-Manjn; B.";Blue Is for Boys and Pink Is for Girls: How to Break Gender Stereotypes with a Videogame;"serious games; gender stereotypes; videogame; Mexico; acceptance evaluation; Kiddo";0;0;0;0;0;1;1;0;0;0;1;1;0;0;didactic;0;0;1;0;NA;NA;quantitative;
229;W4386475958;S2738008561;Education Sciences;2023;TRUE;FALSE;https://doi.org/10.3390/educsci13090899;Germany;"Reichardt; R.; Rottmann; C.; Russo; L.; Emmerdinger; K. J.; Schirner; S.";Measuring Implicit STEM and Math Attitudes in Adolescents Online with the Brief Implicit Association Test;"implicit attitudes; STEM; mathematics; adolescents; Brief Implicit Association Test; online assessment";0;0;0;0;0;1;1;0;0;0;0;1;0;0;psychometric;0;0;1;0;NA;NA;quantitative;
230;W4381429240;S2738008561;Education Sciences;2023;TRUE;FALSE;https://doi.org/10.3390/educsci13060624;Germany;"Jungjohann; J.; DeVries; J. M.; Gebhardt; M.";Measuring Oral Reading Fluency (ORF) Computer-Based and Paper-Based: Examining the Mode Effect in Reading Accuracy and Reading Fluency;"oral reading fluency; computer-based assessment; paper-based assessment; mode effect; reading accuracy; reading fluency";0;0;0;0;0;1;0;1;0;1;0;1;0;0;psychometric;1;1;0;0;NA;NA;quantitative;
234;W4313588230;S2738008561;Education Sciences;2023;FALSE;TRUE;https://doi.org/10.3390/educsci13010054;Indonesia;"Karnalim; O.";Maintaining Academic Integrity in Programming: Locality-Sensitive Hashing and Recommendations;"academic integrity; programming; similarity detection; locality-sensitive hashing; SSTRANGE; SOCO dataset";0;0;0;0;1;1;1;0;0;0;0;0;1;0;methodic;0;1;0;0;NA;software;quantitative;
235;W4311612396;S2738008561;Education Sciences;2022;TRUE;FALSE;https://doi.org/10.3390/educsci12120926;Ecuador;"Basantes-Andrade; A.; Naranjo-Toro; M.; Guerra-Reyes; F.; Carrascal; R.; Benavides-Piedra; A.";Visibility of Scientific Production and Digital Identity of Researchers through Digital Technologies;"scientific visibility; digital identity; scientific production; digital technologies; researcher profile; academic social networks";0;0;0;0;1;1;0;1;0;0;1;1;1;0;bibliometric;0;0;1;0;NA;NA;quantitative;
236;W4309938209;S2738008561;Education Sciences;2022;FALSE;TRUE;https://doi.org/10.3390/educsci12120859;NA;"Angela U. Makolo; Olubukola Smile; Kehinde B. Ezekiel; Antoinette M. DeStefano; Junell L. McCall; Raphael D. Isokpehi";Leveraging H3Africa Scholarly Publications for Technology-Enhanced Personalized Bioinformatics Education;"bioinformatics; COVID-19; education; genomics; H3Africa; personalized education; technology-enhanced education; visual analytics";0;0;0;0;1;1;0;1;1;0;1;1;1;0;didactic;1;0;0;0;NA;NA;quantitative;
237;W4288040724;S2738008561;Education Sciences;2022;TRUE;FALSE;https://doi.org/10.3390/educsci12080513;Canada;"Sheri-Lynn Skwarchuk; Heather Douglas; Abbie Cahoon; Jo-Anne LeFevre; Chang Xu; Emilie Roy; Victoria Simms; Judith Wylie; Erin A. Maloney; Helena P. Osana; Mara Ins Susperreguy";Relations between the Home Learning Environment and the Literacy and Mathematics Skills of Eight-Year-Old Canadian Children;"home literacy; home numeracy; early academic skills; grade 3 children; parental involvement; home mathematics environment; home activities";0;0;0;0;0;1;1;0;0;0;0;1;0;0;NA;0;0;1;0;NA;study_material;quantitative;
238;W3206651735;S2738008561;Education Sciences;2021;TRUE;FALSE;https://doi.org/10.3390/educsci11100620;North America;"Fraulein Retanal; Nichole B. Johnston; Sabrina M. Di Lonardo Burr; Andie Storozuk; Michela DiStefano; Erin A. Maloney";Controlling-Supportive Homework Help Partially Explains the Relation between Parents' Math Anxiety and Children's Math Achievement;"math anxiety; homework help; parent involvement; autonomy support; control; children's math achievement";0;0;0;0;0;1;1;0;0;0;0;1;0;0;NA;1;0;0;0;NA;NA;quantitative;
239;W3136830900;S2738008561;Education Sciences;2021;FALSE;TRUE;https://doi.org/10.3390/educsci11040145;Croatia;"Nenad Boj?eti?; Filip Valjak; Dragan eelj; Tomislav Martinec";Automatized Evaluation of Students' CAD Models;"CAD; CAD model; automatized evaluation; engineering education; computer-aided design";0;0;0;0;1;1;1;0;0;0;0;1;0;0;methodic;0;1;0;0;NA;software;quantitative;
240;W3018630162;S2738008561;Education Sciences;2020;TRUE;FALSE;https://doi.org/10.3390/educsci10050129;Switzerland;"Christian M. Thurn; Brigitte Hnger; Tommi Kokkonen";Concept Mapping in Magnetism and Electrostatics: Core Concepts and Development over Time;"concept mapping; science education; conceptual change; network analysis";0;0;0;0;1;1;0;1;0;0;1;1;0;0;NA;0;0;0;0;1;NA;quantitative;
241;W4414896724;S2738008561;Education Sciences;2025;TRUE;FALSE;https://doi.org/10.3390/educsci15101327;Belgium;Vanessa De Wilde;How Do Individual-Difference Variables Affect Adolescent Learners' L2 English Speaking Development? A Microgenetic Study;"L2 English; speaking development; individual differences; adolescent learners; microgenetic study; longitudinal study";0;0;0;0;0;1;0;1;0;0;0;1;0;0;NA;0;0;1;0;NA;items;quantitative;
243;W4410635593;S2738252563;AERA Open;2025;TRUE;FALSE;https://doi.org/10.1177/23328584251331453;Germany;"Jakob Schwerter; Johannes Bleher; Philipp Doebler; Nele McElvany";"Metropolitan; Urban; and Rural Regions: How Regional Differences Affect Elementary School Students in Germany";"regional differences; school resources; teacher distribution; academic achievement; well-being; PIRLS 2016; machine learning";0;0;0;0;0;1;1;0;0;0;0;0;1;0;NA;0;0;1;0;NA;supplement;quantitative;
244;W4399584671;S2738252563;AERA Open;2024;TRUE;FALSE;https://doi.org/10.1177/23328584241258480;United States;"Scott J. Peters; Angela Johnson";Where Are the English Learners and Students With Disabilities in Gifted Education?;"gifted education; English learners; students with disabilities; representation; state policy; Civil Rights Data Collection";0;0;0;0;1;1;1;0;0;0;0;0;1;0;NA;0;0;1;0;NA;supplement;quantitative;
245;W4366760248;S2738252563;AERA Open;2023;TRUE;FALSE;https://doi.org/10.1177/23328584231165919;United States;"Lauren E. Decker-Woodrow; Craig A. Mason; Ji-Eun Lee; Jenny Yun-Chen Chan; Adam Sales; Allison Liu; Shihfen Tu";The Impacts of Three Educational Technologies on Algebraic Understanding in the Context of COVID-19;"educational technology; algebra; randomized controlled trial; ASSISTments; DragonBox; From Here to There; COVID-19";0;0;0;0;0;1;0;1;0;1;1;1;0;0;didactic;0;0;1;0;NA;items;quantitative;
246;W4402410870;S148277943;SAGE Open;2024;TRUE;FALSE;https://doi.org/10.1177/21582440241276172;Germany;"Mareike Ehlert; Elmar Souvignier";Mind the Gap: How Teachers' Professional Development Preferences Relate to Scientific Recommendations;"teacher professional development; video vignettes; evidence-based interventions; teacher preferences; implementation";0;0;0;0;0;1;1;0;1;0;0;1;0;0;didactic;1;1;1;0;NA;study_material;quantitative;
247;W4413974252;S4210201537;International Journal of Educational Technology in Higher Education;2025;TRUE;FALSE;https://doi.org/10.1186/s41239-025-00553-x;Germany;"Sebastian Strau; Isis Tunnigkeit; Julia Eberle; Arlind Avdullahu; Marlena Block; Markus Knig; Nikol Rummel";Promoting collaborative reflection to foster interprofessional collaboration skills: Putting laboratory findings to the test in the field;"collaborative reflection; interprofessional collaboration; higher education; CSCL; technology-enhanced learning";0;0;0;1;0;1;0;1;1;0;1;1;0;0;didactic;1;1;1;0;NA;study_material;quantitative;
249;W3188304389;S4210201537;International Journal of Educational Technology in Higher Education;2021;TRUE;FALSE;https://doi.org/10.1186/s41239-021-00278-7;International;"Joshua Weidlich; Marco Kalz";Exploring predictors of instructional resilience during emergency remote teaching in higher education;"instructional resilience; emergency remote teaching; higher education; COVID-19; lecturers; survey";0;0;0;0;0;1;1;0;0;0;0;1;0;0;NA;1;0;1;0;NA;fragebogen;quantitative;
36;W4395037310;S2738008561;Education Sciences;2024;TRUE;FALSE;https://doi.org/10.3390/educsci14050441;USA;"McCain, J.; Roksa, J.; Breen, S.";Support without Status: Inequities in StudentAdvisor Relational Dynamics between First-Generation and Continuing-Generation Doctoral Students;"first-generation students; doctoral education; STEM education; faculty advisor relationships; cultural capital; inequality";1;0;1;0;0;0;1;0;0;0;0;1;0;0;NA;1;1;1;0;NA;NA;qualitative;
43;W4415738352;S2596526815;Frontiers in Education;2025;TRUE;FALSE;https://doi.org/10.3389/feduc.2025.1675773;UK;"Hennessey, A.; MacQuarrie, S.; Pert, K.; Mason, C.; Verity, L.";Advocating for a holistic culture of school wellbeingan evaluation of the Well Schools whole school approach to pupil and teacher wellbeing;"wellbeing; mental health; whole school interventions; evaluation; teachers";1;0;1;0;1;0;0;0;0;0;0;1;0;0;NA;1;0;1;1;NA;data_collection;qualitative;
46;W3200389379;S2596526815;Frontiers in Education;2021;TRUE;FALSE;https://doi.org/10.3389/feduc.2021.734755;UK;"MacKay, J. R. D.; Nordmann, E.; Murray, L.; Browitt, A.; Anderson, M.; Hutchison, J.";The Cost of Asking: Say that Again?: A Social Capital Theory View Into How Lecture Recording Supports Widening Participation;"technology enhanced learning; widening participation; higher education; lecture recording; lecture capture; education equality";1;0;1;0;0;0;1;0;0;0;0;1;0;0;NA;0;0;1;0;NA;study_material;qualitative;
47;W2801458276;S2596526815;Frontiers in Education;2018;TRUE;FALSE;https://doi.org/10.3389/feduc.2018.00032;UK;"Senior, R. M.; Bartholomew, P.; Soor, A.; Shepperd, D.; Bartholomew, N.; Senior, C.";The Rules of Engagement: Student Engagement and Motivation to Improve the Quality of Undergraduate Learning;" students; quality; nominal group technique; focus groups; higher education";1;0;1;0;0;0;1;0;0;0;0;1;0;0;NA;0;0;0;0;1;NA;qualitative;
60;W4414156464;S2738008561;Education Sciences;2025;TRUE;FALSE;https://doi.org/10.3390/educsci15091184;Romania;Tripon, C.;Towards Quality Education for All: Integrating EdTech, Mentorship, and Community in Support of SDG 4;"EdTech; inclusive education; STEM education; mentorship; service learning; digital tools; remote learning; educational equity";1;0;1;1;0;0;0;0;0;0;1;1;0;0;NA;0;0;1;0;NA;study_material;qualitative;
61;W4409606309;S2738008561;Education Sciences;2025;FALSE;TRUE;https://doi.org/10.3390/educsci15040511;Romania;"Ioanid, A.; Andrei, N.";ChatGPT in Education: Challenges in Local Knowledge Representation of Romanian History and Geography;"ChatGPT in education; regional knowledge gaps; Romanian history; geography education; AI limitations; digitalization gap; knowledge integration";1;0;0;0;1;0;1;0;0;0;0;1;1;0;NA;1;0;1;0;NA;NA;qualitative;
68;W3198870776;S2596526815;Frontiers in Education;2021;FALSE;TRUE;https://doi.org/10.3389/feduc.2021.735088;Neuseeland;"Brown, G. T. L.; Denny, P.; San Jose, D. L.; Li, E.";Setting Standards With Multiple-Choice Tests: A Preliminary Intended-User Evaluation of SmartStandardSet;"Data science applications in education; human-computer interface; Pedagogical issues; Post-secondary education; Teaching/Learning strategies";1;0;1;0;0;0;1;0;0;0;0;1;0;0;NA;0;1;0;0;NA;software;qualitative;
95;W4408034558;S2738008561;Education Sciences;2025;TRUE;FALSE;https://doi.org/10.3390/educsci15030302;NA;"Silva, E. S.; Costa, W. P. da; Lima, J. C. de; Ferreira, J. C.";Contribution of Microlearning in Basic Education: A Systematic Review;"digital information and communication technologies; teaching methodology; social perspective; teaching theories; online platforms; mobile technologies; digital tools; active learning";1;0;0;0;1;0;0;0;0;0;0;0;1;1;NA;1;0;0;0;NA;NA;qualitative;
96;W4402687093;S2738008561;Education Sciences;2024;TRUE;FALSE;https://doi.org/10.3390/educsci14091028;NA;"Portillo-Blanco, A.; Deprez, H.; De Cock, M.; Guisasola, J.; Zuza, K.";A Systematic Literature Review of Integrated STEM Education: Uncovering Consensus and Diversity in Principles and Characteristics;"STEM education; integration; theoretical frameworks; principles; systematic literature review; primary and secondary education; integrated STEM";1;0;0;0;1;0;0;0;0;0;0;0;1;1;NA;0;0;0;0;1;NA;qualitative;
171;W7124768568;S2764918247;Cogent Education;2026;TRUE;FALSE;https://doi.org/10.1080/2331186x.2025.2611598;Germany;"Landberg; M.; Langen; R.";A qualitative follow-up study on academic success of non-traditional students;"non-traditional students; academic success; higher education; qualitative follow-up; interviews; thematic analysis";1;0;1;0;0;0;0;1;0;0;0;1;0;0;NA;0;0;0;1;NA;quali_topic_ana;qualitative;
172;W4416841409;S2596526815;Frontiers in Education;2025;TRUE;FALSE;https://doi.org/10.3389/feduc.2025.1657822;Germany;"Junger; R.; Hanke; J.";Technical-pedagogical usability of digital inclusive reading support evolving through practice-to-research transfer;"inclusive education; reading support; digital formative diagnostics; Levumi; usability; OER";1;1;1;1;0;0;0;0;0;0;0;1;0;0;NA;1;0;1;0;NA;NA;qualitative;
173;W4415701420;S2596526815;Frontiers in Education;2025;TRUE;FALSE;https://doi.org/10.3389/feduc.2025.1692383;United Kingdom;"Porter; K. P.; Donaldson; D. I.";Emotional drivers of pedagogy and their place in the motivational process: distinguishing percepts from outcomes;"teacher emotion; pedagogy; motivation; interviews; thematic analysis; narrative analysis; Scotland";1;1;1;0;0;0;0;0;0;0;0;1;0;0;NA;1;0;0;0;NA;NA;qualitative;
232;W4366988470;S2738008561;Education Sciences;2023;FALSE;TRUE;https://doi.org/10.3390/educsci13050438;South Africa;"Combrink; H. M.; Marivate; V.; Masikisiki; B.";Technology-Enhanced Learning, Data Sharing, and Machine Learning Challenges in South African Education;"data-sharing governance; machine learning education research; challenges; innovation; South African context";1;0;0;0;1;0;0;0;0;0;0;0;1;1;conceptual;1;1;0;0;NA;NA;qualitative;
2;W4410643918;S2596526815;Frontiers in Education;2025;FALSE;TRUE;https://doi.org/10.3389/feduc.2025.1462887;USA, Canada;"Collins, T. R. L.; Layton, R. L.; Ramadoss, D.; MacDonald, J.; Wheeler, R.; Bankston, A.; Stayart, C. A.; Hao, Y.; Robinson-Hamm, J. N.; Sinche, M.; Burghart, S.; Carlsen-Bryan, A.; Eswara, P.; Krasna, H.; Xu, H.; Sullivan, M.";Making strides in doctoral-level career outcomes reporting: a review of classification and visualization methodologies in graduate education;"graduate education; doctoral training; program evaluation; career outcomes; taxonomy; PhD";0;0;0;0;0;0;0;0;0;0;0;0;1;1;NA;NA;NA;NA;NA;NA;NA;review;
44;W4406128230;S2596526815;Frontiers in Education;2025;TRUE;FALSE;https://doi.org/10.3389/feduc.2024.1504877;UK;"Paci, E.; Swainson, A.; Cerminara, N. L.";Facing the fear: a scaffolding approach to teaching life sciences undergraduates R coding;"coding; life sciences; R; undergraduates; neuroscience; physiology";0;0;0;0;0;0;0;0;0;0;0;0;0;0;conceptional;1;1;1;0;NA;NA;conceptional;
79;W2996586050;S2738252563;AERA Open;2019;TRUE;FALSE;https://doi.org/10.1177/2332858419891963;NA;"Makel, M. C.; Smith, K. N.; McBee, M. T.; Peters, S. J.; Miller, E. M.";A Path to Greater Credibility: Large-Scale Collaborative Education Research;"credibility revolution; open science; replicability crisis";0;0;0;0;0;0;0;0;0;0;0;0;0;1;conceptional;0;0;1;0;NA;NA;conceptional;
80;W2884404464;S2738252563;AERA Open;2018;TRUE;FALSE;https://doi.org/10.1177/2332858418787466;NA;"Van der Zee, T.; Reich, J.";Open Education Science;"preregistration; open science; registered report; open access";0;0;0;0;0;0;0;0;0;0;0;0;0;0;conceptional;0;0;1;0;NA;NA;conceptional;
82;W4410905797;S2596526815;Frontiers in Education;2025;TRUE;FALSE;https://doi.org/10.3389/feduc.2025.1578979;NA;"Manganello, F.; Rasca, E.; Villa, A.; Maddalena, A.; Boccuzzi, G. ";Machine learning for post-diploma educational and career guidance: a scoping review in AI-driven decision support systems;"achine learning; post-diploma guidance; educational guidance; career guidance; predictive analytics; scoping review";0;0;0;0;0;0;0;0;0;0;0;0;1;1;NA;1;0;0;0;1;NA;review;
90;W3177938779;S2596526815;Frontiers in Education;2021;TRUE;FALSE;https://doi.org/10.3389/feduc.2021.639814;NA;"Holden, O. L.; Norris, M. E.; Kuhlmeier, V. A.";Academic Integrity in Online Assessment: A Research Review;"academic integrity; academic dishonesty; cheating; online courses; remote teaching";0;0;0;0;0;0;0;0;0;0;0;0;1;1;NA;0;0;1;0;NA;NA;review;
91;W3126618872;S2596526815;Frontiers in Education;2021;TRUE;FALSE;https://doi.org/10.3389/feduc.2020.611072;NA;"Ninaus, M.; Nebel, S.";A Systematic Literature Review of Analytics for Adaptivity Within Educational Video Games;"analytics; educational video games; serious games; game-based learning; adaptivity; learning; systematic review";0;0;0;0;0;0;0;0;0;0;0;0;1;1;NA;1;0;1;0;NA;NA;review;
97;W4401907806;S2738008561;Education Sciences;2024;TRUE;FALSE;https://doi.org/10.3390/educsci14090940;NA;"Soto-Correia, M.; Plaza-Manzano, G.; Valera-Calero, J. A.";Teaching Methodologies of Gross Anatomy Education for Undergraduate Physiotherapy Students: An Updated Scoping Review;"education; gross anatomy; undergraduate; physiotherapy";0;0;0;0;0;0;0;0;0;0;0;0;1;1;NA;0;0;0;0;1;NA;review;
98;W4390662869;S2738008561;Education Sciences;2024;TRUE;FALSE;https://doi.org/10.3390/educsci14010066;NA;"Hamadi, S. E.; Furenes, M. I.; Havik, T.";A Systematic Scoping Review on Research Focusing on Professionals Attitudes toward School Attendance Problems;"school attendance problems; school refusal; truancy; school withdrawal; school exclusion; attitudes/professionals";0;0;0;0;0;0;0;0;0;0;0;0;1;1;NA;0;0;0;0;1;NA;review;
99;W4386099131;S2738008561;Education Sciences;2023;TRUE;FALSE;https://doi.org/10.3390/educsci13090855;NA;"Alvarez-Sndez, D.; Velzquez-Victorica, K.; Mungaray-Moctezuma, A.; Lpez-Guerrero, A.";Administrative Processes Efficiency Measurement in Higher Education Institutions: A Scoping Review;"efficiency; quality; higher education; administrative processes";0;0;0;0;0;0;0;0;0;0;0;0;1;1;NA;0;0;0;0;1;not_open;review;
100;W4367624532;S2738008561;Education Sciences;2023;TRUE;FALSE;https://doi.org/10.3390/educsci13050466;NA;"Rusconi, L.; Squillaci, M.";Effects of a Universal Design for Learning (UDL) Training Course on the Development Teachers Competences: A Systematic Review;"Universal Design for Learning; UDL; Profile of Inclusive Teachers; school accessibility; neurosciences; review";0;0;0;0;0;0;0;0;0;0;0;0;1;1;NA;0;0;0;0;1;not_open;review;
101;W4303946503;S2738008561;Education Sciences;2022;TRUE;FALSE;https://doi.org/10.3390/educsci12100687;NA;"Bakken, R. K.; Nss, K.-A. B.; Garrels, V.; Hagen, . M.";Single-Case Writing Interventions for Students with Disorders of Intellectual Development: A Systematic Review and Meta-Analysis;"writing; intellectual disability; single-case experimental design; systematic review; meta-analysis";0;0;0;0;0;0;0;0;0;0;0;0;1;1;NA;0;0;0;0;1;not_open;review;
141;W4386916021;S2596526815;Frontiers in Education;2023;FALSE;TRUE;https://doi.org/10.3389/feduc.2023.1169938;Fidschi;Orbn, L. L.;Using version control to document genuine effort in written assignments: a protocol with examples for universities;"written assignment; version control; assessment methods; Git; higher education";0;0;0;0;0;0;0;0;0;0;0;0;0;0;methodical;0;0;1;0;NA;course_material;conceptional;
168;W3139542841;S2738252563;AERA Open;2021;TRUE;FALSE;https://doi.org/10.1177/23328584211006475;United States;"Logan; J. A. R.; Hart; S. A.; Cutting; L.; Deater-Deckard; K.; Schatschneider; C.; Thompson; L. A.; Petrill; S. A.";Data Sharing in Education Science;"data sharing; education science; open science; research integrity; reproducibility; data repositories";0;0;0;0;1;0;0;0;0;0;0;0;0;0;methodic;0;0;1;0;NA;supplement;conceptional;
178;W4412140346;S2596526815;Frontiers in Education;2025;TRUE;FALSE;https://doi.org/10.3389/feduc.2025.1619888;International;"Leon; C.; Lipuma; J.; Oviedo-Torres; X.";Artificial intelligence in STEM education: a transdisciplinary framework for engagement and innovation;"artificial intelligence; STEM education; systematic review; transdisciplinary communication; bibliometric mapping; ethics";0;0;0;0;1;0;0;0;0;0;0;0;1;1;bibliometric;1;0;0;0;NA;NA;review;
182;W4405016937;S2596526815;Frontiers in Education;2024;TRUE;FALSE;https://doi.org/10.3389/feduc.2024.1439014;International;"Wang X.; Jheng J.-Y.; McMurray B.";Tone superimposition technique in Speech Sciences: a tutorial;"tone superimposition; speech sciences; Mandarin lexical tones; stimuli; tutorial";0;0;0;0;0;0;0;0;0;0;0;0;0;0;methodic;1;1;0;0;NA;NA;methodical;
184;W4403542385;S2596526815;Frontiers in Education;2024;FALSE;TRUE;https://doi.org/10.3389/feduc.2024.1486293;International;"Boada Y.; Flores F. J.; Vignoni A.";Integrating mathematical modeling into synthetic biology education: a comprehensive approach through webinars and syllabus development;"mathematical modeling; synthetic biology; webinars; syllabus; undergraduate education";0;0;0;0;0;0;0;0;0;0;1;0;0;0;didactic;1;1;1;0;NA;course_material;conceptional;
194;W4379231569;S2596526815;Frontiers in Education;2023;TRUE;FALSE;https://doi.org/10.3389/feduc.2023.1130865;United States;Li M.;Teaching beginner-level computational social science: interactive open education resources with learnr and shiny apps;"computational social science; open education resources; learnr; shiny apps; undergraduate education";NA;NA;0;0;0;NA;NA;NA;0;0;1;1;0;0;didactic;1;0;1;0;NA;NA;conceptional;
198;W4313586241;S2596526815;Frontiers in Education;2023;TRUE;FALSE;https://doi.org/10.3389/feduc.2022.1069388;Canada;"Norris M. E.; Swartz M.; Kuhlmeier V. A.";The importance of copyright and shared norms for credit in Open Educational Resources;"open education; Open Educational Resources (OER); copyright; intellectual property (IP); authorship";0;0;0;0;0;0;0;0;0;0;0;0;0;1;conceptual;0;0;1;0;NA;supplement;conceptional;
209;W3200060392;S2596526815;Frontiers in Education;2021;TRUE;FALSE;https://doi.org/10.3389/feduc.2021.719134;United States;"Goelman D.; Broatch J.; Crook S.; Ball B.; Kobojek K.; Ortiz J.";Introducing Databases in Context Through Customizable Visualizations;"databases; visualizations; data science education; contextualized learning; customizable learning tools";0;0;0;0;0;1;0;1;0;0;1;0;0;0;didactic;1;0;1;0;NA;fragebogen;quantitative;
215;W3042998580;S2596526815;Frontiers in Education;2020;TRUE;FALSE;https://doi.org/10.3389/feduc.2020.00097;Germany;"Brunner M.; Keller U.; Wenger M.; Fischbach A.; Ldtke O.";Statistical Methods in Transdisciplinary Educational Research;"transdisciplinary educational research; statistical methods; hierarchical data; measurement error; large data sets";0;0;0;0;0;0;0;0;0;0;0;0;0;0;methodic;1;1;0;0;NA;NA;methodical;
227;W4392696553;S2738008561;Education Sciences;2024;FALSE;TRUE;https://doi.org/10.3390/educsci14030296;Canada;"Zhang; K. E.; Jenkinson; J.";The Visual Science Communication Toolkit: Responding to the Need for Visual Science Communication Training in Undergraduate Life Sciences Education;"visual science communication; life sciences education; undergraduate education; visualization skills; toolkit";1;0;1;0;0;1;1;0;0;0;0;0;0;0;didactic;0;1;0;0;NA;software;mixed;
231;W4379058506;S2738008561;Education Sciences;2023;FALSE;TRUE;https://doi.org/10.3390/educsci13060566;Europe (three HEIs);"Fidas; C. A.; Belk; M.; Constantinides; A.; Portugal; D.; Martins; P.; Pietron; A. M.; Pitsillides; A.; Avouris; N.";Ensuring Academic Integrity and Trust in Online Learning Environments: A Longitudinal Study of an AI-Centered Proctoring System in Tertiary Educational Institutions;"academic integrity; online learning environments; AI-centered proctoring; longitudinal study; higher education; user survey";1;0;1;0;1;1;0;1;0;0;1;1;0;0;methodic;0;1;0;0;NA;software;mixed;
233;W4317106151;S2738008561;Education Sciences;2023;FALSE;TRUE;https://doi.org/10.3390/educsci13020101;Hungary;"Tth; R.; Hoffmann; M.; Zichar; M.";Lossless Encoding of Mental Cutting Test Scenarios for Efficient Development of Spatial Skills;"mental cutting test; spatial skills; lossless encoding; augmented reality; virtual reality; scenario generation";0;0;0;0;0;0;0;0;0;0;0;0;0;0;methodic;0;1;0;0;NA;NA;methodical;
242;W4416720442;S2738252563;AERA Open;2025;TRUE;FALSE;https://doi.org/10.1177/23328584251388032;NA;"Matthew A. Diemer; Michael B. Frisby; Aixa D. Marchand";A Primer on MIMIC Models and Critical Quantitative Methods to Increase Their Use;"MIMIC models; critical quantitative methods; measurement invariance; structural equation modeling; social justice";0;0;0;0;0;0;0;0;0;0;0;0;0;0;psychometric;1;1;0;0;NA;NA;methodical; 
13;W4402517993;S2764918247;Cogent Education;2024;TRUE;FALSE;https://doi.org/10.1080/2331186x.2024.2402158;USA;"Lundgren, L.; Bex, R. T.; Bauer, J.; Lam, A.; Slater, E.";Characterizing an online, science-based affinity space using topic modelling, diversity indices, and social network analysis;"Machine learning; science communication; science outreach; InfoMaps; Netlytic; NodeXL";1;0;0;0;1;1;0;1;0;0;0;1;0;0;NA;0;1;1;0;NA;NA;mixed;
16;W4417102980;S2596526815;Frontiers in Education;2025;TRUE;FALSE;https://doi.org/10.3389/feduc.2025.1679669;USA;"Zucker, T. A.; Mesa, M. P.; Bambha, V. P.; DeMaster, D. M.; Ahmed, Y.; Master, A.; Hammond, J.; McCallum, C.";Testing the impact of two afterschool museum outreach interventions on elementary childrens STEM outcomes: hands-on STEM alone or with STEM stories;"informal learning; science, technology, engineering and math (STEM); museum education; family involvement; Expectancy-Value Theory; achievement";1;0;1;1;0;1;1;0;0;1;1;1;0;0;NA;1;0;0;0;NA;NA;mixed;
22;W4389274347;S2596526815;Frontiers in Education;2023;FALSE;TRUE;https://doi.org/10.3389/feduc.2023.1317191;USA;"Drew, J.; Morgan, W.; Galindo, S.; Kleinschmit, A. J.; McWilliams, M.; Pauley, M.; Triplett, E. W.; Williams, J.; Murdoch, B.; Rosenwald, A.";Revisiting barriers to implementation of bioinformatics into life sciences education;"undergraduate education; STEM education; bioinformatics; barriers to integration; education reform";1;1;1;0;0;1;1;0;0;0;0;1;0;0;NA;1;1;0;1;NA;NA;mixed;
34;W4415361874;S2738008561;Education Sciences;2025;TRUE;FALSE;https://doi.org/10.3390/educsci15101401;USA;"Hattan, C.; Baumann, J.; Parkinson, M. M.; MacPhee, D.";Exploring the Power and Possibility of Contextually Relevant Social StudiesLiteracy Integration;"contextually relevant; curriculum; vocabulary; interest; literacy";1;1;0;0;0;1;1;0;1;0;1;1;0;0;NA;1;0;1;0;NA;NA;mixed;
40;W4413767889;S2738252563;AERA Open;2025;TRUE;FALSE;https://doi.org/10.1177/23328584251364785;USA;"Borman, G. D.; Borman, T. H.; Park, S. J.; Zhu, B.";Replicating a Middle-School Belonging Intervention: Evidence from a Randomized Trial Within a New School District;"adolescence; belonging; experimental research; middle schools; psychology";1;1;0;0;0;1;0;1;0;1;1;1;1;0;NA;0;0;0;0;1;NA;mixed;
45;W4224244032;S2596526815;Frontiers in Education;2022;TRUE;FALSE;https://doi.org/10.3389/feduc.2022.890832;UK;"Brown, C.; MacGregor, S.; Flood, J.; Malin, J.";Facilitating Research-Informed Educational Practice for Inclusion. Survey Findings From 147 Teachers and School Leaders in England;"research-use; research-informed practice; teacher research use; classification tree analysis; Jean Baudrillard; benefits of research; costs of research; signification of research";1;0;1;0;0;1;1;0;0;0;0;1;0;0;NA;0;0;0;1;NA;supplement_results;mixed;
58;W4391404408;S2738008561;Education Sciences;2024;FALSE;TRUE;https://doi.org/10.3390/educsci14020148;Saudi Arabia;Almasre, M.;Development and Evaluation of a Custom GPT for the Assessment of Students Designs in a Typography Course;"assessment; ChatGPT; GPT-4; artificial intelligence; typography design; teaching and learning assessment";1;0;0;0;1;1;0;1;0;0;1;1;0;0;NA;0;0;1;0;NA;supplement_results;mixed;
67;W4415127440;S2764918247;Cogent Education;2025;TRUE;FALSE;https://doi.org/10.1080/2331186x.2025.2572385;Nigeria;"Aja, L.; Abonyi, O. S.; Elom, J. I.; Ikporo, F.";Assessing the correspondence of the basic science curriculum across the different classes with core curriculum specifications in Ebonyi State, Nigeria;"Correspondence; basic science curriculum; core curriculum; specifications; secondary schools";1;0;0;0;1;1;1;0;0;0;0;1;0;0;NA;1;0;0;0;NA;NA;mixed;
70;W4414222544;S2764918247;Cogent Education;2025;TRUE;FALSE;https://doi.org/10.1080/2331186x.2025.2560614;Netherlands;"Leenaars, M. E. M.; Evenhuis, T.; Leenaars, C. H. C.";Using music for other subjects in primary schools: empirical survey findings from teachers and a systematic scoping review;"Musicality; musical instruments; singing; song; elementary school; courses; pseudo-replicates";1;1;0;0;0;1;1;0;0;0;0;1;1;1;NA;0;0;1;0;NA;supplement_results;mixed;
78;W3159791589;S2738008561;Education Sciences;2021;FALSE;TRUE;https://doi.org/10.3390/educsci11050221;Netherlands;"Adov, L.; Meots, M.";COVID-19 Lockdown Education: The Importance of Structure in a Suddenly Changed Learning Environment;"COVID-19 lockdown education; structure in education; online education; secondary education; teacher knowledge";1;1;1;0;0;1;1;0;0;0;0;1;0;0;NA;1;0;1;1;NA;NA;mixed;
88;W4393987203;S2596526815;Frontiers in Education;2024;TRUE;FALSE;https://doi.org/10.3389/feduc.2024.1322624;NA;"Kager, K.; Kalinowski, E.; Jurczok, A.; Vock, M.";A systematic review of transparency in Lesson Study research: how do we report on the observation and reflection stages?;"professional development; Lesson Study; research transparency; observation; reflection; systematic review";1;0;0;0;1;1;0;0;0;0;0;0;1;1;NA;0;0;0;0;1;not_open;mixed;
93;W4414351282;S2738008561;Education Sciences;2025;TRUE;FALSE;https://doi.org/10.3390/educsci15091258;NA;"Lima Souza, L.; Ozorio Dutra, S. V.; Alves da Silva Filho, J. A.; Ferreira Silva, L.; Gomes Mouro, V.; Vieira Dantas, D.; Assis Neves Dantas, R.; Barros Ribeiro, K. R.";Virtual Reality in Critical Care Nursing Education: A Scoping Review;"nursing care; intensive care units; virtual reality; technology-enhanced education; nursing education";1;0;0;0;0;1;0;0;0;0;0;0;1;1;NA;0;0;0;0;1;not_open;mixed;
94;W4410008549;S2738008561;Education Sciences;2025;TRUE;FALSE;https://doi.org/10.3390/educsci15050539;NA;"Melo-Lpez, V.-A.; Basantes-Andrade, A.; Gudio-Meja, C.-B.; Hernndez-Martnez, E.";The Impact of Artificial Intelligence on Inclusive Education: A Systematic Review;"artificial intelligence; inclusive education; special educational needs; systematic review; educational accessibility; ethical challenges; personalization of learning; AI in education";1;0;0;0;1;1;0;0;0;0;0;0;1;1;NA;1;0;0;1;NA;NA;mixed;
104;W4410331954;S2596526815;Frontiers in Education;2025;FALSE;TRUE;https://doi.org/10.3389/feduc.2025.1552302;Italy;"Mandanici, M.; Bergamino, G.; Valente, S.";The I-Ork project: a technological approach to inclusive music making and therapy;"accessible digital music instruments (ADMIs); music technology applications; music therapy; inclusive music making; IMTAP protocol";1;1;0;1;0;1;1;0;0;0;1;1;0;0;NA;1;0;0;0;NA;NA;mixed;
106;W4414707141;S2738008561;Education Sciences;2025;TRUE;FALSE;https://doi.org/10.3390/educsci15101296;Israel;"Shonfeld, M.; Zidan, W.; Yazbak Abu Ahmad, M.; Cohen Liverant, R.; Lieber-Milo, S.; Amichai-Hamburger, Y.";Virtual Bridges: Enhancing Intercultural Competence Among Pre-Service Teachers Through 3D and Video-Conferencing Platforms;"virtual simulation; online collaboration; intercultural competence; pre-service teachers; mixed-methods research";1;0;1;0;0;1;0;1;1;0;1;1;0;0;NA;1;0;0;0;NA;NA;mixed;
110;W4406121368;S4210201537;International Journal of Educational Technology in Higher Education;2025;TRUE;FALSE;https://doi.org/10.1186/s41239-024-00500-2;Hongkong;"Zhong, Y.; Fryer, L. K.; Zheng, S.; Shum, A.; Chu, S. K. W.";From Gaming to Reality: Effectiveness of Skills Transfer from Competitive Sandbox Gaming Environment to Near and Far Contexts;"4Cs skills; esports; sandbox game; competitive gaming environment; skills transfer; experimental design";1;0;1;1;0;1;0;1;0;1;1;1;0;0;NA;0;0;0;0;NA;nur_paper;mixed;
111;W2902836808;S2596526815;Frontiers in Education;2018;TRUE;FALSE;https://doi.org/10.3389/feduc.2018.00105;Greece;"Papadatou-Pastou, M.; Gritzali, M.; Barrable, A.";The Learning Styles Educational Neuromyth: Lack of Agreement Between Teachers Judgments, Self-Assessment, and Students Intelligence;" learning styles; auditory; visual; kinaesthetic; neuromyths; VAK; intelligence";1;1;0;0;0;1;1;0;0;0;0;1;0;0;NA;1;1;0;0;NA;NA;mixed;
135;W4415008768;S2738008561;Education Sciences;2025;TRUE;FALSE;https://doi.org/10.3390/educsci15101337;Germany;"Krys, S.; Braler, M.";Empowering Future HR Professionals: A Design-Based Research Approach to Project-Based Learning in Work and Organizational Psychology;"project-based learning; open pedagogy; higher education development; human resource development; design-based research; student-centered learning; psychology education; openness; academic culture transformation";1;1;0;0;0;1;0;1;0;0;1;1;0;0;NA;1;1;0;0;NA;NA;mixed;
142;W4399283491;S2764918247;Cogent Education;2024;TRUE;FALSE;https://doi.org/10.1080/2331186x.2024.2354969;Ethiopia;"Duressa, W. T.; Kidane, B. Z.";Indirect effects of leadership behaviors on departmental performance via organizational learning in Ethiopian public research universities;"Organizational learning; leadership behavior; departmental performance; indirect effect; Ethiopia; higher education";1;0;1;0;0;1;1;0;0;0;0;1;0;0;NA;0;0;0;0;1;NA;mixed;
144;W7124427793;S2596526815;Frontiers in Education;2026;FALSE;TRUE;https://doi.org/10.3389/feduc.2025.1716824;Ecuador, Colombia;"Burbano-Pulles, M.; Meneses-Quelal, O.";Sustainability and research in the Colombian-Ecuadorian public higher education system;"border region; public higher education; research models; sustainability; sustainable development goals";1;1;0;0;0;1;1;0;0;0;0;1;0;0;NA;1;1;0;0;NA;NA;mixed;
152;W4393197196;S2596526815;Frontiers in Education;2024;FALSE;TRUE;https://doi.org/10.3389/feduc.2024.1326284;China;"Ben, S.; Liu, C.; Yang, P.; Gong, J.; He, Y.";A practical evaluation of online self-assisted previewing architecture on rain classroom for biochemistry lab courses;"online learning tool; interactive platform design; self-learning scheme; sentiment analysis; natural language processing; laboratory course";1;1;0;0;0;1;1;0;0;0;1;1;0;0;NA;0;1;0;0;NA;NA;mixed;
161;W4407296339;S2738008561;Education Sciences;2025;FALSE;TRUE;https://doi.org/10.3390/educsci15020206;Austria;"Brnner, B.; Schn, S.; Ebner, M.";From Gretel to Strudelcity: Empowering Teachers Regarding Generative AI for Enhanced AI Literacy with CollectiveGPT;"generative AI; AI literacy; teacher training; educational technology; design-based research; interactive workshops; AI in education; teacher empowerment";1;1;1;0;0;1;0;1;0;0;1;1;0;0;NA;0;1;1;0;NA;software;mixed;
183;W4403659720;S2596526815;Frontiers in Education;2024;TRUE;FALSE;https://doi.org/10.3389/feduc.2024.1474044;United States;Nguyen K. H.;Cohort-based programs facilitate skill development and community building for postdoctoral scholars: a pilot study;"postdoctoral scholars; cohort-based program; leadership; project management; community building";1;1;0;0;0;1;0;1;1;0;1;1;0;0;NA;0;0;1;0;NA;interview;mixed;
186;W4401181711;S2596526815;Frontiers in Education;2024;TRUE;FALSE;https://doi.org/10.3389/feduc.2024.1414458;United States;"Dietrich S. W.; Cunningham A. M.; Sandrin S. K.";Databases for STEM success: lessons learned;"databases; STEM success; SQL; student feedback; survey";1;1;0;0;0;1;1;0;0;0;1;1;0;0;NA;1;0;1;0;NA;fragebogen;mixed;
189;W4396937081;S2596526815;Frontiers in Education;2024;TRUE;FALSE;https://doi.org/10.3389/feduc.2024.1347444;United States;"Shaw S. T.; Yeghyayan A. A.; Ballenger E.; Ramirez G.";Generating mathematical strategies shows evidence of a serial order effect;"mathematical strategies; serial order effect; creativity; strategy generation; undergraduate students";1;1;0;0;0;1;1;0;0;0;0;1;0;0;NA;1;1;0;0;NA;NA;mixed;
190;W4392816817;S2596526815;Frontiers in Education;2024;TRUE;FALSE;https://doi.org/10.3389/feduc.2024.1287744;Spain;"Lechuga M. T.; Ortega-Tudela J. M.; Gmez-Ariza C. J.";Retrieval-based concept mapping makes a difference as a retrieval practice activity: a study with high school students;"retrieval practice; concept mapping; free recall; high school students; delayed test";1;1;0;0;0;1;0;1;0;1;1;1;0;0;NA;1;1;0;0;NA;NA;mixed;
193;W4385327377;S2596526815;Frontiers in Education;2023;FALSE;TRUE;https://doi.org/10.3389/feduc.2023.1154609;United States;"Adams P. E.; Driessen E. P.; Granados E.; Ragland P.; Henning J. A.; Beatty A. E.; Ballen C. J.";Embracing the inclusion of societal concepts in biology improves student understanding;"societal concepts; biology education; ideological awareness; concept maps; curriculum";1;1;0;0;1;1;1;0;1;0;1;1;0;0;NA;0;1;0;0;NA;NA;mixed;
248;W4360603259;S4210201537;International Journal of Educational Technology in Higher Education;2023;FALSE;TRUE;https://doi.org/10.1186/s41239-023-00386-6;Spain;"Borja Fernndez-Gauna; Naiara Rojo; Manuel Graa";Automatic feedback and assessment of team-coding assignments in a DevOps context;"automatic feedback; assessment; team-coding assignments; DevOps; programming education; learning analytics";1;1;0;0;1;1;0;1;0;0;1;1;0;0;methodic;0;1;0;0;NA;software;mixed;
250;W3092100374;S4210201537;International Journal of Educational Technology in Higher Education;2020;FALSE;TRUE;https://doi.org/10.1186/s41239-020-00217-y;Spain;"Juan Pedro Cerro Martnez; Montse Guitert Catass; Teresa Romeu Fontanillas";Impact of using learning analytics in asynchronous online discussions in higher education;"learning analytics; asynchronous online discussion; higher education; participatory design-based research; online learning";1;1;0;0;1;1;0;1;1;0;1;1;0;0;didactic;0;1;0;0;NA;software;mixed;
